date,dst,excluded
2018-01-01,-12.849300888959712,False
2018-01-02,-10.975446440237038,False
2018-01-03,-6.870183626649868,False
2018-01-04,-7.2537399208584725,False
2018-01-05,-10.781041901057966,False
2018-01-06,-10.5563100646605,False
2018-01-07,-6.549957649155522,False
2018-01-08,-7.491307365098607,False
2018-01-09,-11.637918452784314,False
2018-01-10,-16.5613281406458,False
2018-01-11,-16.546349611187015,False
2018-01-12,-17.74874069926674,False
2018-01-13,-23.548190906648085,False
2018-01-14,-28.584943222419184,False
2018-01-15,-31.801942425647212,False
2018-01-16,-28.20014592835372,False
2018-01-17,-20.04348526792049,False
2018-01-18,-21.42643145304144,False
2018-01-19,-23.024321777044914,False
2018-01-20,-18.418716031739795,False
2018-01-21,-15.689724931601091,False
2018-01-22,-9.770397307508231,False
2018-01-23,-21.331985128048274,False
2018-01-24,-22.606410824202865,False
2018-01-25,-22.432833284115095,False
2018-01-26,-21.337814848950483,False
2018-01-27,-17.65749187746706,False
2018-01-28,-20.503736995981747,False
2018-01-29,-17.066537685465644,False
2018-01-30,-20.976156207765918,False
2018-01-31,-11.164488710054945,False
2018-02-01,-10.051702609833574,False
2018-02-02,-11.875719876739588,False
2018-02-03,-15.994652966362585,False
2018-02-04,-20.824038667294936,False
2018-02-05,-15.757740571452311,False
2018-02-06,-26.886600715384173,False
2018-02-07,-27.315970311093807,False
2018-02-08,-27.363979747636332,False
2018-02-09,-16.57143293213559,False
2018-02-10,-10.573215611781988,False
2018-02-11,-11.823253684811442,False
2018-02-12,-15.981534787150238,False
2018-02-13,-22.581095873379827,False
2018-02-14,-24.9978795774057,False
2018-02-15,-25.636019878887698,False
2018-02-16,-15.493443012542327,False
2018-02-17,-11.239593020689647,False
2018-02-18,-16.449198558301433,False
2018-02-19,-19.381351585597915,False
2018-02-20,-22.296153865537025,False
2018-02-21,-17.951681245309924,False
2018-02-22,-16.80131196752563,False
2018-02-23,-11.136984755876561,False
2018-02-24,-4.704176278187933,False
2018-02-25,-10.50775152644196,False
2018-02-26,-15.86859911983062,False
2018-02-27,-18.26866587068116,False
2018-02-28,-11.00961526930117,False
2018-03-01,-11.68946271727747,False
2018-03-02,-13.757152349546994,False
2018-03-03,-22.084672754060545,False
2018-03-04,-24.95280229900207,False
2018-03-05,-20.960063102770008,False
2018-03-06,-11.1097630924626,False
2018-03-07,-6.612977082461254,False
2018-03-08,-5.848948780469949,False
2018-03-09,-9.827364794562705,False
2018-03-10,-12.119803326661867,False
2018-03-11,-14.688352496196307,False
2018-03-12,-9.982750330522967,False
2018-03-13,-7.545575468542276,False
2018-03-14,-2.7325832673199066,False
2018-03-15,-19.363709949542763,False
2018-03-16,-15.932795775602058,False
2018-03-17,-21.8431821259054,False
2018-03-18,-12.560231111409891,False
2018-03-19,-15.480798022768775,False
2018-03-20,-34.35365150449267,False
2018-03-21,-34.03630965397925,False
2018-03-22,-32.97490247407428,False
2018-03-23,-8.538661086337,False
2018-03-24,-9.733054408081541,False
2018-03-25,-14.395479105701277,False
2018-03-26,-52.01929217068454,True
2018-03-27,-46.28460282678166,False
2018-03-28,-41.73562397657017,False
2018-03-29,-12.142427905621126,False
2018-03-30,-13.750966643976,False
2018-03-31,-14.677660885222574,False
2018-04-01,-8.684040108022861,False
2018-04-02,-13.545322215985697,False
2018-04-03,-15.24428099976893,False
2018-04-04,-20.687293574429116,False
2018-04-05,-23.73314099144818,False
2018-04-06,-21.238011296798806,False
2018-04-07,-18.625357595550614,False
2018-04-08,-12.750843976452297,False
2018-04-09,-14.873673618211187,False
2018-04-10,-21.579377675132402,False
2018-04-11,-50.00253897403159,True
2018-04-12,-50.435048506638076,True
2018-04-13,-47.9826746153229,False
2018-04-14,-20.22510998965759,False
2018-04-15,-17.238048496292357,False
2018-04-16,-6.484195814563762,False
2018-04-17,-5.140741716572371,False
2018-04-18,-5.726743580939466,False
2018-04-19,-13.569270848846257,False
2018-04-20,-21.94266696136978,False
2018-04-21,-23.078924026057702,False
2018-04-22,-22.540219523228927,False
2018-04-23,-5.012166212091617,False
2018-04-24,-5.67555456941924,False
2018-04-25,-4.710286039848895,False
2018-04-26,-14.702101568611013,False
2018-04-27,-18.60736985996465,False
2018-04-28,-15.242267971239018,False
2018-04-29,-12.09568876167095,False
2018-04-30,-4.256848823020633,False
2018-05-01,-12.46568990025967,False
2018-05-02,-9.86224478726237,False
2018-05-03,-18.633776826603683,False
2018-05-04,-12.648798632223645,False
2018-05-05,-9.498153372728128,False
2018-05-06,-7.852894422081757,False
2018-05-07,-12.465513715693925,False
2018-05-08,-20.828730758583276,False
2018-05-09,-18.88048807452532,False
2018-05-10,-22.817950880378763,False
2018-05-11,-22.942304441505218,False
2018-05-12,-35.395201321981034,False
2018-05-13,-27.29817787517577,False
2018-05-14,-31.2501267113351,False
2018-05-15,-10.58358959432433,False
2018-05-16,-15.610972486210004,False
2018-05-17,-13.221521614097492,False
2018-05-18,-16.167190364688974,False
2018-05-19,-17.957634461079845,False
2018-05-20,-15.759548657840625,False
2018-05-21,-13.78504651018959,False
2018-05-22,-15.29152218269868,False
2018-05-23,-15.462826486985982,False
2018-05-24,-19.651866327121997,False
2018-05-25,-10.094641901767849,False
2018-05-26,-15.780980179409392,False
2018-05-27,-22.10233780874019,False
2018-05-28,-23.141863033381842,False
2018-05-29,-17.00612149693677,False
2018-05-30,-10.722323643216159,False
2018-05-31,-11.424297067695846,False
2018-06-01,-15.332334646942554,False
2018-06-02,-15.405291259682045,False
2018-06-03,-15.618794204475222,False
2018-06-04,-15.75610099026673,False
2018-06-05,-9.222017734331722,False
2018-06-06,-8.498975943879296,False
2018-06-07,-10.406784260584418,False
2018-06-08,-45.802860132384616,False
2018-06-09,-51.59691849694105,True
2018-06-10,-43.68336609316066,False
2018-06-11,-11.116005949909862,False
2018-06-12,-10.500008542407416,False
2018-06-13,-9.794842440399938,False
2018-06-14,-12.778101048683562,False
2018-06-15,-6.207131135298759,False
2018-06-16,-2.4734637216602575,False
2018-06-17,-5.1061398934177324,False
2018-06-18,-11.40932519082565,False
2018-06-19,-22.554554839943535,False
2018-06-20,-24.836243515793807,False
2018-06-21,-22.129705696020263,False
2018-06-22,-17.20704007825159,False
2018-06-23,-12.837035741069764,False
2018-06-24,-9.219895907269253,False
2018-06-25,-10.5324962390242,False
2018-06-26,-5.825123127715009,False
2018-06-27,-10.192483456810928,False
2018-06-28,0.6361856420359189,False
2018-06-29,-2.675281275533324,False
2018-06-30,-5.04528416824663,False
2018-07-01,-20.209530826849555,False
2018-07-02,-20.78231055693684,False
2018-07-03,-18.247531472575112,False
2018-07-04,-29.900810274932194,False
2018-07-05,-29.93774943761076,False
2018-07-06,-29.335213946934843,False
2018-07-07,-16.78554002460693,False
2018-07-08,-24.737879421644568,False
2018-07-09,-26.23262357928516,False
2018-07-10,-19.419853529717653,False
2018-07-11,-12.504089654453379,False
2018-07-12,-15.700984961033248,False
2018-07-13,-18.433856434922408,False
2018-07-14,-47.76929448609142,False
2018-07-15,-46.321769116047996,False
2018-07-16,-46.399592395670616,False
2018-07-17,-17.68769444723842,False
2018-07-18,-18.724145893756383,False
2018-07-19,-17.90789687614536,False
2018-07-20,-15.897593644456421,False
2018-07-21,-6.993507480432821,False
2018-07-22,-4.209448713686342,False
2018-07-23,-11.963264290987643,False
2018-07-24,-20.046769423349243,False
2018-07-25,-22.20183656265421,False
2018-07-26,-14.636015287177017,False
2018-07-27,-8.824524382292333,False
2018-07-28,4.5262605114919126,False
2018-07-29,4.754678750615746,False
2018-07-30,7.236750566113948,False
2018-07-31,-23.482934612639585,False
2018-08-01,-23.16093165018906,False
2018-08-02,-28.96427118947284,False
2018-08-03,-10.61963509136512,False
2018-08-04,-16.3165009547386,False
2018-08-05,-16.002698403137256,False
2018-08-06,-20.980029476426736,False
2018-08-07,-17.56123206073116,False
2018-08-08,-7.355323367077087,False
2018-08-09,-12.882929946127666,False
2018-08-10,-10.465385742174904,False
2018-08-11,-26.174883493627544,False
2018-08-12,-20.593550186418287,False
2018-08-13,-18.982788560046878,False
2018-08-14,-12.274804998906419,False
2018-08-15,-14.698056647465911,False
2018-08-16,-21.91507387237525,False
2018-08-17,-19.4538029530184,False
2018-08-18,-18.06429036816972,False
2018-08-19,-14.337241172801948,False
2018-08-20,-16.873344808925395,False
2018-08-21,-32.86719631177824,False
2018-08-22,-25.157254312804838,False
2018-08-23,-22.80386558314805,False
2018-08-24,-11.989117900057087,False
2018-08-25,-19.81907699828068,False
2018-08-26,-25.001898946626273,False
2018-08-27,-30.956028899595868,False
2018-08-28,-34.87192911240438,False
2018-08-29,-32.683729019198424,False
2018-08-30,-16.609079603676573,False
2018-08-31,-9.975975873265286,False
2018-09-01,-14.318215735620797,False
2018-09-02,-17.676169794906418,False
2018-09-03,-23.038971816230728,False
2018-09-04,-20.851103118302472,False
2018-09-05,-12.451281213814289,False
2018-09-06,-8.931573125326643,False
2018-09-07,-11.361792012371977,False
2018-09-08,-14.75216118527726,False
2018-09-09,-7.883463241070551,False
2018-09-10,-27.940685869422918,False
2018-09-11,-37.68961352145808,False
2018-09-12,-48.11517460097361,False
2018-09-13,-17.946771558534575,False
2018-09-14,-14.69996955719364,False
2018-09-15,-10.987755553143723,False
2018-09-16,-12.956863936172866,False
2018-09-17,-13.833907960010075,False
2018-09-18,-15.847287096842189,False
2018-09-19,-31.910892670835832,False
2018-09-20,-32.30072134986066,False
2018-09-21,-33.0728925311861,False
2018-09-22,-25.098955898769205,False
2018-09-23,-14.471760117705506,False
2018-09-24,-19.182053023975396,False
2018-09-25,-15.951098242903932,False
2018-09-26,-21.95778114948611,False
2018-09-27,-10.472122481379115,False
2018-09-28,-14.455393139308939,False
2018-09-29,-10.325700439833463,False
2018-09-30,-16.049861352019576,False
2018-10-01,-14.23244735149362,False
2018-10-02,-17.036688463060376,False
2018-10-03,-16.281381924844847,False
2018-10-04,-14.75621482928822,False
2018-10-05,-16.32542038638123,False
2018-10-06,-18.66291355612215,False
2018-10-07,-15.807976666481977,False
2018-10-08,-13.438662308357864,False
2018-10-09,-5.553340656329418,False
2018-10-10,-10.958672032641806,False
2018-10-11,-5.075061232100925,False
2018-10-12,-19.22747969477234,False
2018-10-13,-14.883358079607278,False
2018-10-14,-21.06222275229404,False
2018-10-15,-12.1299040832639,False
2018-10-16,-14.013561782403945,False
2018-10-17,-17.19931960977135,False
2018-10-18,-20.29529081934681,False
2018-10-19,-20.161951767841284,False
2018-10-20,-15.931054378328085,False
2018-10-21,-12.530988695832562,False
2018-10-22,-12.945168049098333,False
2018-10-23,-12.745176935449427,False
2018-10-24,-12.944040795803181,False
2018-10-25,-6.920953939404725,False
2018-10-26,-8.000838073443278,False
2018-10-27,-12.546016200638006,False
2018-10-28,-18.038188836781725,False
2018-10-29,-17.567529783983126,False
2018-10-30,-11.810068678560976,False
2018-10-31,-9.65295089362969,False
2018-11-01,-12.172815780887609,False
2018-11-02,-9.50363725946777,False
2018-11-03,-11.786316438954495,False
2018-11-04,-10.067236447509474,False
2018-11-05,-15.986666640398747,False
2018-11-06,-14.49110589796431,False
2018-11-07,-12.284388014695702,False
2018-11-08,-8.173952009008007,False
2018-11-09,-4.0491886520965705,False
2018-11-10,-3.222380831428015,False
2018-11-11,-6.440030860849099,False
2018-11-12,-6.966257519671797,False
2018-11-13,-13.429239774662937,False
2018-11-14,-12.216589731240205,False
2018-11-15,-15.4649738338908,False
2018-11-16,-13.835922947546102,False
2018-11-17,-12.751960255752216,False
2018-11-18,-15.504270771215367,False
2018-11-19,-7.5227055284444,False
2018-11-20,-13.927403156190863,False
2018-11-21,-15.511274874407903,False
2018-11-22,-19.24838048314947,False
2018-11-23,-12.05766018129892,False
2018-11-24,-4.704426461939369,False
2018-11-25,-6.82348791888252,False
2018-11-26,-10.039125786121923,False
2018-11-27,-16.124622540273872,False
2018-11-28,-18.334786344556083,False
2018-11-29,-20.994446099216873,False
2018-11-30,-13.504949679602541,False
2018-12-01,-14.396397438386003,False
2018-12-02,-14.989739379507602,False
2018-12-03,-37.30836515679524,False
2018-12-04,-35.068409813684184,False
2018-12-05,-34.02131923773003,False
2018-12-06,-18.89205397637913,False
2018-12-07,-19.56903094751398,False
2018-12-08,-16.33426645186319,False
2018-12-09,-15.073157571081984,False
2018-12-10,-17.932059639522922,False
2018-12-11,-17.98372617452727,False
2018-12-12,-21.74829083903205,False
2018-12-13,-25.493992714064976,False
2018-12-14,-29.29596934850527,False
2018-12-15,-24.35742058936336,False
2018-12-16,-17.48393522946512,False
2018-12-17,-8.708733476657171,False
2018-12-18,-28.92810091107801,False
2018-12-19,-63.90514145000436,True
2018-12-20,-69.88263114941333,True
2018-12-21,-52.819592566696336,True
2018-12-22,-19.160234834131554,False
2018-12-23,-20.238804558201352,False
2018-12-24,-14.937812858297761,False
2018-12-25,-18.17268408853749,False
2018-12-26,-14.94066347589225,False
2018-12-27,-47.31729098883304,False
2018-12-28,-44.44340780845118,False
2018-12-29,-44.913946977020096,False
2018-12-30,-11.067617738587218,False
2018-12-31,-12.237459032303134,False
2019-01-01,-12.94793599345723,False
2019-01-02,-15.658142357174505,False
2019-01-03,-13.66255607543583,False
2019-01-04,-17.650965138099362,False
2019-01-05,-17.603294044190772,False
2019-01-06,-16.0020052734043,False
2019-01-07,-7.105391706802268,False
2019-01-08,-3.366349099497212,False
2019-01-09,3.254387565567214,False
2019-01-10,-5.61957711716515,False
2019-01-11,-5.967377874623264,False
2019-01-12,-13.846739681716082,False
2019-01-13,-2.0181376972931964,False
2019-01-14,-8.740613385596514,False
2019-01-15,-12.832868777273026,False
2019-01-16,-23.989651091919807,False
2019-01-17,-29.252040847738424,False
2019-01-18,-27.996173565738363,False
2019-01-19,-28.635133630177066,False
2019-01-20,-19.53797558703301,False
2019-01-21,-16.067931597201326,False
2019-01-22,-5.526717594122992,False
2019-01-23,-2.326597387283621,False
2019-01-24,-6.00123591304187,False
2019-01-25,-17.099577955298845,False
2019-01-26,-18.933596622017024,False
2019-01-27,-21.90691482744998,False
2019-01-28,-10.987421078639136,False
2019-01-29,-8.23733728178001,False
2019-01-30,-4.8331070621162615,False
2019-01-31,-19.011480241897186,False
2019-02-01,-18.313751228120683,False
2019-02-02,-41.80462276319758,False
2019-02-03,-30.00081939894022,False
2019-02-04,-41.794019530779345,False
2019-02-05,-18.823945479098718,False
2019-02-06,-23.75423592811983,False
2019-02-07,-37.71648523263806,False
2019-02-08,-37.11924702673994,False
2019-02-09,-34.64882209622267,False
2019-02-10,-18.579343874057358,False
2019-02-11,-17.348599928225557,False
2019-02-12,-19.358817130767957,False
2019-02-13,-13.030580077002583,False
2019-02-14,-9.614602624561849,False
2019-02-15,-14.59435351876092,False
2019-02-16,-22.788565537938407,False
2019-02-17,-20.52431776269993,False
2019-02-18,-14.696493347430087,False
2019-02-19,-11.553982810713812,False
2019-02-20,-10.460082196217757,False
2019-02-21,-39.59226693279859,False
2019-02-22,-31.881132050317067,False
2019-02-23,-37.81566602676672,False
2019-02-24,-1.7697456385763097,False
2019-02-25,0.5344289949412021,False
2019-02-26,-0.7315015246155276,False
2019-02-27,-5.088209420326055,False
2019-02-28,-9.528068991758282,False
2019-03-01,-3.057686167712594,False
2019-03-02,-10.803663813850434,False
2019-03-03,-10.640961772197267,False
2019-03-04,-11.881790054928311,False
2019-03-05,-15.057054158300346,False
2019-03-06,-22.534294048957207,False
2019-03-07,-34.924920707395955,False
2019-03-08,-28.96759009948173,False
2019-03-09,-21.364387025634784,False
2019-03-10,-7.198030106210267,False
2019-03-11,-5.824023646752934,False
2019-03-12,-2.1797304876516175,False
2019-03-13,-13.709564528895294,False
2019-03-14,-20.819473407995016,False
2019-03-15,-27.55612638586666,False
2019-03-16,-20.499458757249865,False
2019-03-17,-13.816707992205616,False
2019-03-18,-21.864285596778647,False
2019-03-19,-23.75702755058703,False
2019-03-20,-28.84412656023007,False
2019-03-21,-17.895667964750412,False
2019-03-22,-16.072794822311863,False
2019-03-23,-14.61443596560187,False
2019-03-24,-37.49231663692268,False
2019-03-25,-43.195563708865876,False
2019-03-26,-39.686760952649145,False
2019-03-27,-15.667001194643538,False
2019-03-28,-15.373051292429906,False
2019-03-29,-13.10614884126584,False
2019-03-30,-19.047748596760556,False
2019-03-31,-45.157667276765146,False
2019-04-01,-47.60197477865476,False
2019-04-02,-49.62191359484249,False
2019-04-03,-21.783687950884456,False
2019-04-04,-26.147078081421615,False
2019-04-05,-14.147208260078566,False
2019-04-06,-11.791556830802923,False
2019-04-07,-9.798947292417871,False
2019-04-08,-16.80192818114654,False
2019-04-09,-17.392294587796773,False
2019-04-10,-15.477270953959325,False
2019-04-11,-13.876523796722509,False
2019-04-12,-10.39718075776997,False
2019-04-13,-38.542688872938214,False
2019-04-14,-43.30262863569063,False
2019-04-15,-47.43286626448642,False
2019-04-16,-27.61116441012763,False
2019-04-17,-31.368655696343115,False
2019-04-18,-24.800951837958447,False
2019-04-19,-39.65945927283835,False
2019-04-20,-34.59483918226965,False
2019-04-21,-37.75610839982468,False
2019-04-22,-12.4449156878283,False
2019-04-23,0.8667517042181648,False
2019-04-24,3.038823497733406,False
2019-04-25,1.2821525136361949,False
2019-04-26,-14.85553248258646,False
2019-04-27,-25.75961740935506,False
2019-04-28,-24.4340924999631,False
2019-04-29,-23.63733371869861,False
2019-04-30,-22.900563276059014,False
2019-05-01,-26.300709356498015,False
2019-05-02,-27.601498389818374,False
2019-05-03,-15.163917011137423,False
2019-05-04,-9.051066446369514,False
2019-05-05,-4.756764997178403,False
2019-05-06,-5.585554981908561,False
2019-05-07,-8.802640779115888,False
2019-05-08,-12.215887019162473,False
2019-05-09,-12.043167265643946,False
2019-05-10,-10.197000321495786,False
2019-05-11,-10.900848133488557,False
2019-05-12,-17.75469915490162,False
2019-05-13,-23.41281234317928,False
2019-05-14,-24.7950266497308,False
2019-05-15,-20.3289617472698,False
2019-05-16,-9.18882217185025,False
2019-05-17,-9.251893543269471,False
2019-05-18,-10.704726786633755,False
2019-05-19,-20.944963625001584,False
2019-05-20,-17.299194864783804,False
2019-05-21,-21.920647508501563,False
2019-05-22,-22.774040310733522,False
2019-05-23,-20.63145226389543,False
2019-05-24,-21.5856770325841,False
2019-05-25,-17.047886650745482,False
2019-05-26,-32.0363611405623,False
2019-05-27,-29.668352862383784,False
2019-05-28,-34.38043481366953,False
2019-05-29,-21.893132157905352,False
2019-05-30,-17.91577506713669,False
2019-05-31,-12.281851668472774,False
2019-06-01,-13.884987325393647,False
2019-06-02,-16.50922300697977,False
2019-06-03,-15.507343263990137,False
2019-06-04,-18.27474340928142,False
2019-06-05,-16.498631861478582,False
2019-06-06,-22.154675390749123,False
2019-06-07,-13.194659591891002,False
2019-06-08,-18.42113698758081,False
2019-06-09,-22.9901703544555,False
2019-06-10,-31.782734780360784,False
2019-06-11,-28.537358367545192,False
2019-06-12,-20.27893995800119,False
2019-06-13,-17.38603670688617,False
2019-06-14,-15.024006658422204,False
2019-06-15,-22.70897691438397,False
2019-06-16,-19.356029608555602,False
2019-06-17,-26.754464242714928,False
2019-06-18,-22.715728424847725,False
2019-06-19,-22.261814544992802,False
2019-06-20,-20.85940320707878,False
2019-06-21,-19.79028095278945,False
2019-06-22,-15.954704401197342,False
2019-06-23,-14.820618418154126,False
2019-06-24,-9.939627792974258,False
2019-06-25,-18.48362644846249,False
2019-06-26,-14.05684225870877,False
2019-06-27,-11.633336224337734,False
2019-06-28,-21.718930295324395,False
2019-06-29,-27.025728028867434,False
2019-06-30,-30.483714002776875,False
2019-07-01,-16.691474057331714,False
2019-07-02,-12.019309541964569,False
2019-07-03,-16.743538797550013,False
2019-07-04,-15.584998103486441,False
2019-07-05,-17.692290538539996,False
2019-07-06,-10.605221545037486,False
2019-07-07,-9.933897321724231,False
2019-07-08,-7.960777731855106,False
2019-07-09,-14.279413842984205,False
2019-07-10,-17.24752211247903,False
2019-07-11,-20.328165512058323,False
2019-07-12,-17.102849078055264,False
2019-07-13,-16.836362105046344,False
2019-07-14,-13.947029926182209,False
2019-07-15,-7.2232353011136405,False
2019-07-16,-2.0547985641058193,False
2019-07-17,-4.517992120362836,False
2019-07-18,-8.01473962628881,False
2019-07-19,-13.131539932101788,False
2019-07-20,-19.979943944141837,False
2019-07-21,-28.817144876467236,False
2019-07-22,-34.66801106848445,False
2019-07-23,-27.92156686393827,False
2019-07-24,-23.81554810351044,False
2019-07-25,-9.626631170305894,False
2019-07-26,-6.912867739084008,False
2019-07-27,-7.862943371077672,False
2019-07-28,-11.251070295444846,False
2019-07-29,-21.403321026533035,False
2019-07-30,-19.584460678863312,False
2019-07-31,-19.818622228049403,False
2019-08-01,-16.888425975137228,False
2019-08-02,-13.255868034743775,False
2019-08-03,-14.985343180313984,False
2019-08-04,-10.732149852797827,False
2019-08-05,-12.776038561200407,False
2019-08-06,-5.047252759960478,False
2019-08-07,-2.6586360841232914,False
2019-08-08,-4.196881203347086,False
2019-08-09,-15.117096232725645,False
2019-08-10,-19.243938730818794,False
2019-08-11,-16.915477809843157,False
2019-08-12,-18.50236951531765,False
2019-08-13,-14.816727088580912,False
2019-08-14,-20.04870014181836,False
2019-08-15,-14.708445535197328,False
2019-08-16,-13.660062062927102,False
2019-08-17,-7.599272498835038,False
2019-08-18,-11.555257397239593,False
2019-08-19,-13.969405559560874,False
2019-08-20,-22.0346201997217,False
2019-08-21,-21.771727644607157,False
2019-08-22,-19.183025931254264,False
2019-08-23,-12.240016601543624,False
2019-08-24,-14.151504857949682,False
2019-08-25,-12.18228314970645,False
2019-08-26,-9.787686181068054,False
2019-08-27,-4.445285271462748,False
2019-08-28,-0.41652570165312497,False
2019-08-29,-8.93423393328722,False
2019-08-30,-15.566592359427693,False
2019-08-31,-30.18865660527707,False
2019-09-01,-21.109322562906048,False
2019-09-02,-13.513241124244148,False
2019-09-03,-6.620698812268856,False
2019-09-04,-11.485001552946306,False
2019-09-05,-18.604420367556042,False
2019-09-06,-8.599073765446917,False
2019-09-07,-9.202063542825288,False
2019-09-08,-4.2625281752122115,False
2019-09-09,-11.14246959808475,False
2019-09-10,-9.735317399038806,False
2019-09-11,-9.277360480341851,False
2019-09-12,-15.342324797717867,False
2019-09-13,-15.380488296120737,False
2019-09-14,-8.747926407337127,False
2019-09-15,-0.20434840093596898,False
2019-09-16,4.282524677077635,False
2019-09-17,-5.2904360145472396,False
2019-09-18,-14.630535480201473,False
2019-09-19,-21.506429667157658,False
2019-09-20,-19.238667312278135,False
2019-09-21,-10.903481957360016,False
2019-09-22,-17.1701927958207,False
2019-09-23,-11.274891167133028,False
2019-09-24,-32.67773089340217,False
2019-09-25,-27.615396654332574,False
2019-09-26,-37.7820154332157,False
2019-09-27,-54.88204165116389,True
2019-09-28,-49.88183503552656,False
2019-09-29,-45.54014566573227,False
2019-09-30,-16.573889394362936,False
2019-10-01,-25.046886818465058,False
2019-10-02,-26.683297484379192,False
2019-10-03,-14.8473677842574,False
2019-10-04,-10.705418101457354,False
2019-10-05,-15.374851116769266,False
2019-10-06,-23.033909474270615,False
2019-10-07,-23.08643834780688,False
2019-10-08,-27.86141310710074,False
2019-10-09,-27.095620316828214,False
2019-10-10,-26.92846415867224,False
2019-10-11,-13.356092127652284,False
2019-10-12,-5.743088281799654,False
2019-10-13,-0.3130900427739114,False
2019-10-14,-4.173470264246908,False
2019-10-15,-15.99539827899497,False
2019-10-16,-10.208219184186559,False
2019-10-17,-8.895790685909283,False
2019-10-18,-4.413969883290816,False
2019-10-19,-14.803909444730271,False
2019-10-20,-14.248444137716803,False
2019-10-21,-14.881602953064359,False
2019-10-22,-17.07975063214529,False
2019-10-23,-20.05952544017828,False
2019-10-24,-19.613096873346503,False
2019-10-25,-19.492147930360616,False
2019-10-26,-20.156095296107704,False
2019-10-27,-19.599361304476123,False
2019-10-28,-36.04149714762749,False
2019-10-29,-27.17414206258808,False
2019-10-30,-38.20374220692771,False
2019-10-31,-15.221879871551444,False
2019-11-01,-16.253511055891682,False
2019-11-02,-13.94319275195223,False
2019-11-03,-19.679970535963474,False
2019-11-04,-26.150074769937152,False
2019-11-05,-23.486560619175844,False
2019-11-06,-49.42853563363269,False
2019-11-07,-52.38507555151284,True
2019-11-08,-39.74594699894706,False
2019-11-09,-8.690508035578974,False
2019-11-10,0.8380157262609759,False
2019-11-11,-3.2843777912605745,False
2019-11-12,-11.543298448719336,False
2019-11-13,-18.727599893815064,False
2019-11-14,-19.656789905076334,False
2019-11-15,-20.0290940557752,False
2019-11-16,-15.079019269966551,False
2019-11-17,-17.99781910751076,False
2019-11-18,-14.608591102141373,False
2019-11-19,-14.616744950016958,False
2019-11-20,-11.87839011144026,False
2019-11-21,-11.822971544518188,False
2019-11-22,-10.029492203875163,False
2019-11-23,-16.130798760218912,False
2019-11-24,-12.223191669165535,False
2019-11-25,-42.74455202696916,False
2019-11-26,-39.65848447382554,False
2019-11-27,-40.81769481263412,False
2019-11-28,-19.938107973828696,False
2019-11-29,-15.003814139745131,False
2019-11-30,-17.047954774485557,False
2019-12-01,-14.134392551020506,False
2019-12-02,-13.634463724500554,False
2019-12-03,-15.712229940899633,False
2019-12-04,-19.255183044277715,False
2019-12-05,-29.677736641720884,False
2019-12-06,-24.43632207416729,False
2019-12-07,-23.924194298698183,False
2019-12-08,-10.678500876665112,False
2019-12-09,-21.430258313582556,False
2019-12-10,-9.522715430437271,False
2019-12-11,-15.697822289564257,False
2019-12-12,-23.20933038531814,False
2019-12-13,-49.445505772952465,False
2019-12-14,-48.69303118435466,False
2019-12-15,-33.00434426676528,False
2019-12-16,-9.14078682422502,False
2019-12-17,-10.280420686985144,False
2019-12-18,-9.52867483143824,False
2019-12-19,-15.396331208359749,False
2019-12-20,-16.08102429789218,False
2019-12-21,-15.451024268171452,False
2019-12-22,-20.83724898994253,False
2019-12-23,-26.002208183481116,False
2019-12-24,-52.0813470429081,True
2019-12-25,-44.55721171976983,False
2019-12-26,-39.9004033767577,False
2019-12-27,-14.978735860637377,False
2019-12-28,-14.27187079170246,False
2019-12-29,-15.69497616752919,False
2019-12-30,-18.881930801400014,False
2019-12-31,-19.48887660245597,False
2020-01-01,-21.243328991678652,False
2020-01-02,-16.497099067211515,False
2020-01-03,-24.090814504553606,False
2020-01-04,-16.0607008447909,False
2020-01-05,-15.803321937996614,False
2020-01-06,-37.494517242462145,False
2020-01-07,-37.68037585598267,False
2020-01-08,-32.90886800778453,False
2020-01-09,-0.3498580262951112,False
2020-01-10,-11.64411888740375,False
2020-01-11,-23.424324532196863,False
2020-01-12,-29.9810791030521,False
2020-01-13,-22.513217976882185,False
2020-01-14,-15.324274028062883,False
2020-01-15,-15.72797496989403,False
2020-01-16,-15.085272112829053,False
2020-01-17,-20.177439924118836,False
2020-01-18,-19.720535883472767,False
2020-01-19,-26.094247328773964,False
2020-01-20,-26.765648583804296,False
2020-01-21,-29.726315794301836,False
2020-01-22,-28.003164418818276,False
2020-01-23,-20.0956642479433,False
2020-01-24,-18.48652138080574,False
2020-01-25,-4.053500109546845,False
2020-01-26,-6.294795692454646,False
2020-01-27,-1.7578556423473781,False
2020-01-28,-15.720815022421796,False
2020-01-29,-14.892847108309388,False
2020-01-30,-17.93474290803998,False
2020-01-31,-14.01327252873368,False
2020-02-01,-6.574173893294465,False
2020-02-02,-4.6558621872419685,False
2020-02-03,-0.5468081406807114,False
2020-02-04,-13.599851994259438,False
2020-02-05,-13.355566357348687,False
2020-02-06,-10.86945711994935,False
2020-02-07,-10.564619650596871,False
2020-02-08,-3.1748714566213097,False
2020-02-09,-7.427066257341447,False
2020-02-10,-7.169065129767449,False
2020-02-11,-11.88922840553308,False
2020-02-12,-10.830018348848062,False
2020-02-13,-6.092911396402205,False
2020-02-14,-31.958008473768796,False
2020-02-15,-38.75677497557519,False
2020-02-16,-42.23408936665,False
2020-02-17,-19.196356961905675,False
2020-02-18,-13.805119868403489,False
2020-02-19,-12.104241322464453,False
2020-02-20,-17.147885040904672,False
2020-02-21,-18.109782027083533,False
2020-02-22,-16.378243049681256,False
2020-02-23,-8.79770382311669,False
2020-02-24,-5.995372324922056,False
2020-02-25,-5.102026687861732,False
2020-02-26,-5.504468162672144,False
2020-02-27,-10.10825391072522,False
2020-02-28,-20.087786262984803,False
2020-02-29,-20.206033703368206,False
2020-03-01,-19.094620108881173,False
2020-03-02,-11.364461026035713,False
2020-03-03,-18.189928205847295,False
2020-03-04,-23.34490511613279,False
2020-03-05,-20.21860905158267,False
2020-03-06,-15.26983536372805,False
2020-03-07,-8.219606412604504,False
2020-03-08,-12.318944321414273,False
2020-03-09,-12.041699148004673,False
2020-03-10,-11.01456671359118,False
2020-03-11,-13.192019130982521,False
2020-03-12,-12.926560581201569,False
2020-03-13,-18.528796959925728,False
2020-03-14,-18.202602956785494,False
2020-03-15,-19.823774558423988,False
2020-03-16,-17.08613831706896,False
2020-03-17,-17.263147893993608,False
2020-03-18,-11.003434897824969,False
2020-03-19,-15.470399193237837,False
2020-03-20,-14.302891283229362,False
2020-03-21,-21.084840018620145,False
2020-03-22,-11.718499272327199,False
2020-03-23,-10.184793589635463,False
2020-03-24,-4.298491198664224,False
2020-03-25,-16.028644228227044,False
2020-03-26,-15.746662270796307,False
2020-03-27,-16.315517246177098,False
2020-03-28,-10.044139796927512,False
2020-03-29,-6.850419360143143,False
2020-03-30,-12.478096343038379,False
2020-03-31,-7.169842539397757,False
2020-04-01,-2.236171545182161,False
2020-04-02,-1.6183719865393087,False
2020-04-03,-9.037771832884715,False
2020-04-04,-12.419826418890914,False
2020-04-05,-4.650183594209427,False
2020-04-06,-4.959613617219413,False
2020-04-07,-30.667882682732625,False
2020-04-08,-38.113309701097506,False
2020-04-09,-41.39967163662154,False
2020-04-10,-25.17954826551592,False
2020-04-11,-28.068972897082162,False
2020-04-12,-25.762361113361568,False
2020-04-13,-22.226492876971903,False
2020-04-14,-17.273070879817546,False
2020-04-15,-7.999878648144725,False
2020-04-16,-11.854555261552763,False
2020-04-17,-8.854124597792511,False
2020-04-18,-15.912081945950854,False
2020-04-19,-12.116520621605423,False
2020-04-20,-13.354532246845343,False
2020-04-21,-39.325871583361135,False
2020-04-22,-37.598377760015204,False
2020-04-23,-39.63184689582939,False
2020-04-24,-10.834747126378966,False
2020-04-25,-11.207711535483897,False
2020-04-26,-2.052319808692545,False
2020-04-27,-6.573084801730406,False
2020-04-28,-9.853747197368948,False
2020-04-29,-46.14358635642872,False
2020-04-30,-45.81453489606448,False
2020-05-01,-46.24009558528328,False
2020-05-02,-15.015390861436872,False
2020-05-03,-7.1114653928364335,False
2020-05-04,-6.84490205860827,False
2020-05-05,-14.930390475455392,False
2020-05-06,-18.726745241869196,False
2020-05-07,-18.652652243995174,False
2020-05-08,-34.0423914050667,False
2020-05-09,-35.11636154720712,False
2020-05-10,-38.97044583007217,False
2020-05-11,-14.061263571263476,False
2020-05-12,-7.689444962286587,False
2020-05-13,-4.077623264235206,False
2020-05-14,-11.818450309299388,False
2020-05-15,-17.858499438781855,False
2020-05-16,-14.069517516896212,False
2020-05-17,-9.884534186460954,False
2020-05-18,-2.9871775942951744,False
2020-05-19,-5.032793664219472,False
2020-05-20,-10.860159733064611,False
2020-05-21,-24.41825480018812,False
2020-05-22,-50.73171356331736,True
2020-05-23,-47.671032476658745,False
2020-05-24,-34.975524110529484,False
2020-05-25,-10.024721633568719,False
2020-05-26,-8.997061935517936,False
2020-05-27,-16.240984973880096,False
2020-05-28,-9.416966683943073,False
2020-05-29,-0.20438878700418073,False
2020-05-30,-2.2621722943944556,False
2020-05-31,-8.97350315825968,False
2020-06-01,-14.90458935347788,False
2020-06-02,-10.05354830329135,False
2020-06-03,-0.708961230274328,False
2020-06-04,-2.54989199724676,False
2020-06-05,-6.714626318900244,False
2020-06-06,-11.73883629907514,False
2020-06-07,-9.639734718047366,False
2020-06-08,-4.920637630109671,False
2020-06-09,-5.254160828449717,False
2020-06-10,-5.422276392424732,False
2020-06-11,-4.0270227554314975,False
2020-06-12,-0.5274829157105797,False
2020-06-13,-2.199342123708625,False
2020-06-14,-7.544996806758733,False
2020-06-15,-12.486778025175552,False
2020-06-16,-10.255581709500694,False
2020-06-17,-12.85485207218222,False
2020-06-18,-11.967013582423908,False
2020-06-19,-18.36640469776678,False
2020-06-20,-14.983682722078564,False
2020-06-21,-11.344568507140972,False
2020-06-22,-9.006816985751918,False
2020-06-23,-8.936050084866592,False
2020-06-24,-19.489282099215462,False
2020-06-25,-17.268664107186193,False
2020-06-26,-14.872473575246488,False
2020-06-27,-0.7800301181049699,False
2020-06-28,-4.996157322025856,False
2020-06-29,-6.701492735934402,False
2020-06-30,-14.356976894313222,False
2020-07-01,-6.816050835447322,False
2020-07-02,-8.073834275650887,False
2020-07-03,-7.95528290741255,False
2020-07-04,-11.833509987600289,False
2020-07-05,-10.70589136542705,False
2020-07-06,-13.60771192671052,False
2020-07-07,-15.262937993983448,False
2020-07-08,-11.71484748716979,False
2020-07-09,-14.03517422661192,False
2020-07-10,-14.279655501617645,False
2020-07-11,-21.37466576081343,False
2020-07-12,-12.488418047469814,False
2020-07-13,-19.11304436319242,False
2020-07-14,-18.548248492522077,False
2020-07-15,-21.819587507963362,False
2020-07-16,-9.464743771890904,False
2020-07-17,-7.4920574270965,False
2020-07-18,-11.221703034127378,False
2020-07-19,-9.95917087330238,False
2020-07-20,-25.856273606352534,False
2020-07-21,-37.75562974469367,False
2020-07-22,-43.520200222242714,False
2020-07-23,-29.368313342311044,False
2020-07-24,-19.333090365719965,False
2020-07-25,-18.25972237673588,False
2020-07-26,-15.27630262424064,False
2020-07-27,-13.4476858786647,False
2020-07-28,-21.402329262545692,False
2020-07-29,-18.887702804509907,False
2020-07-30,-49.90422836250516,False
2020-07-31,-45.17971422293911,False
2020-08-01,-41.28299555186902,False
2020-08-02,-12.290494536231472,False
2020-08-03,-17.995891764812896,False
2020-08-04,-28.150072028528538,False
2020-08-05,-24.052077028645915,False
2020-08-06,-16.976618547656194,False
2020-08-07,-15.173930499556535,False
2020-08-08,-13.583364848077357,False
2020-08-09,-19.5628803421299,False
2020-08-10,-12.822877694411545,False
2020-08-11,-14.559703994039007,False
2020-08-12,-5.08436297092472,False
2020-08-13,-9.48852000170694,False
2020-08-14,-7.33290241152153,False
2020-08-15,-9.523016616945226,False
2020-08-16,-9.103083762386781,False
2020-08-17,-31.527413865933582,False
2020-08-18,-28.48987286633267,False
2020-08-19,-29.494622427596052,False
2020-08-20,-6.061290170310336,False
2020-08-21,-11.73684306798897,False
2020-08-22,-43.882493282620146,False
2020-08-23,-49.424077521211274,False
2020-08-24,-41.86137301241911,False
2020-08-25,-10.66243927917118,False
2020-08-26,-13.679970479406293,False
2020-08-27,-20.3713145514064,False
2020-08-28,-22.934889378728553,False
2020-08-29,-13.84921477430146,False
2020-08-30,-29.646479007150717,False
2020-08-31,-28.707006110110314,False
2020-09-01,-39.62774322984733,False
2020-09-02,-26.15212193363754,False
2020-09-03,-34.06290550729425,False
2020-09-04,-32.84035387745502,False
2020-09-05,-27.989469975881523,False
2020-09-06,-15.150752034762368,False
2020-09-07,-7.113310493679613,False
2020-09-08,-14.022873690773656,False
2020-09-09,-17.356919749944904,False
2020-09-10,-19.073160153447034,False
2020-09-11,-19.838714337700353,False
2020-09-12,-13.63427570606383,False
2020-09-13,-10.110416387398873,False
2020-09-14,-6.360814325947356,False
2020-09-15,-12.266864177037837,False
2020-09-16,-14.942782107550313,False
2020-09-17,-22.225864885928818,False
2020-09-18,-23.322117771989326,False
2020-09-19,-26.88358599577073,False
2020-09-20,-22.72312656165323,False
2020-09-21,-22.858818203114662,False
2020-09-22,-12.94013510372538,False
2020-09-23,-6.370283619077679,False
2020-09-24,-7.530598406665046,False
2020-09-25,-12.431013388638503,False
2020-09-26,-9.396963087362531,False
2020-09-27,-3.41371239658027,False
2020-09-28,-5.465522042324207,False
2020-09-29,-13.650690899490513,False
2020-09-30,-14.556332376687228,False
2020-10-01,-46.95028112959673,False
2020-10-02,-40.781761138663505,False
2020-10-03,-57.414605584626,True
2020-10-04,-21.06096745011985,False
2020-10-05,-26.78268117647305,False
2020-10-06,-7.673153722427615,False
2020-10-07,-11.080966164935356,False
2020-10-08,-0.638981828192024,False
2020-10-09,-8.665309363087598,False
2020-10-10,-2.5118525691961993,False
2020-10-11,-10.02125292584667,False
2020-10-12,-9.870173667946192,False
2020-10-13,-37.75923155786429,False
2020-10-14,-39.83226392449216,False
2020-10-15,-35.5299281244267,False
2020-10-16,-12.4933834950276,False
2020-10-17,-13.506794278004639,False
2020-10-18,-15.300876432656237,False
2020-10-19,-8.82313695035078,False
2020-10-20,0.3818357458063832,False
2020-10-21,2.224548793546443,False
2020-10-22,-6.192518728228211,False
2020-10-23,-12.62256610175801,False
2020-10-24,-11.913788889532475,False
2020-10-25,-16.156973062998897,False
2020-10-26,-17.666604519565322,False
2020-10-27,-26.795012705997348,False
2020-10-28,-21.106949954782607,False
2020-10-29,-17.488660046278262,False
2020-10-30,-12.7470695999654,False
2020-10-31,-8.048015037226387,False
2020-11-01,-15.539861448046716,False
2020-11-02,-19.4646151196885,False
2020-11-03,-24.862754898608742,False
2020-11-04,-15.771299036150758,False
2020-11-05,-3.1780887494800023,False
2020-11-06,-5.91143307519565,False
2020-11-07,-5.785102951919086,False
2020-11-08,-12.67484759575339,False
2020-11-09,-11.529819744040907,False
2020-11-10,-12.309903327819404,False
2020-11-11,-25.821689102015046,False
2020-11-12,-31.436748530188765,False
2020-11-13,-29.06522688123187,False
2020-11-14,-9.87904181244359,False
2020-11-15,-6.075723990544712,False
2020-11-16,-10.398671255698657,False
2020-11-17,-13.94291592715751,False
2020-11-18,-10.397970057823763,False
2020-11-19,-14.182404806955082,False
2020-11-20,-18.845019023838244,False
2020-11-21,-19.98993037109965,False
2020-11-22,-13.097793678680512,False
2020-11-23,-8.236899588550578,False
2020-11-24,-9.617140632929221,False
2020-11-25,-11.2212618673733,False
2020-11-26,-24.789832968271337,False
2020-11-27,-18.712312838438496,False
2020-11-28,-28.757962796144273,False
2020-11-29,-18.813556079236502,False
2020-11-30,-27.887298459229488,False
2020-12-01,-26.107169247000712,False
2020-12-02,-20.01409833187411,False
2020-12-03,-17.4062235586171,False
2020-12-04,-10.841482128810613,False
2020-12-05,-15.672471593841427,False
2020-12-06,-11.893503479701375,False
2020-12-07,-12.972231442383219,False
2020-12-08,-17.91651802362076,False
2020-12-09,-15.839614054724686,False
2020-12-10,-18.121927951610957,False
2020-12-11,-19.216286649495682,False
2020-12-12,-24.913814571147892,False
2020-12-13,-16.9357490759654,False
2020-12-14,-7.30853451287242,False
2020-12-15,-6.9906824066402065,False
2020-12-16,-14.390752386451164,False
2020-12-17,-19.078179559774668,False
2020-12-18,-9.376579087899868,False
2020-12-19,-6.451806461699939,False
2020-12-20,-3.4450996680661308,False
2020-12-21,-7.630957786182125,False
2020-12-22,-8.203542959002284,False
2020-12-23,-10.959878131049377,False
2020-12-24,-15.86641134351666,False
2020-12-25,-17.10797301727897,False
2020-12-26,-16.220693380035524,False
2020-12-27,-12.52477580914769,False
2020-12-28,-12.030587228262235,False
2020-12-29,-8.951137973360552,False
2020-12-30,-12.1845224683428,False
2020-12-31,-12.077765250307637,False
2021-01-01,-23.001128297298383,False
2021-01-02,-19.01295127805413,False
2021-01-03,-17.94153813572652,False
2021-01-04,-5.956694958159484,False
2021-01-05,-21.207027169744165,False
2021-01-06,-47.93342749375079,False
2021-01-07,-79.0517160732018,True
2021-01-08,-63.033963293476994,True
2021-01-09,-41.85314058156446,False
2021-01-10,-12.27579682130177,False
2021-01-11,-20.92219034094646,False
2021-01-12,-19.257642475227556,False
2021-01-13,-14.05261268001069,False
2021-01-14,-10.601680030369453,False
2021-01-15,-7.236872694867341,False
2021-01-16,-11.412727187579469,False
2021-01-17,-8.667270032635663,False
2021-01-18,-8.93532590478025,False
2021-01-19,-10.955752817670364,False
2021-01-20,-3.3248180286076825,False
2021-01-21,-4.15696883731633,False
2021-01-22,-29.74132906932466,False
2021-01-23,-35.15237382624731,False
2021-01-24,-30.499794906281036,False
2021-01-25,-1.627157461896087,False
2021-01-26,-3.2748541578097963,False
2021-01-27,-12.268977540563666,False
2021-01-28,-10.483372633600801,False
2021-01-29,-17.62367509379229,False
2021-01-30,-11.841113581914223,False
2021-01-31,-21.391943111196042,False
2021-02-01,-17.06311492549326,False
2021-02-02,-16.958607145235472,False
2021-02-03,-12.656074883356945,False
2021-02-04,-10.711838480043838,False
2021-02-05,-5.572043045023172,False
2021-02-06,-5.0433347007683444,False
2021-02-07,-7.707644258872079,False
2021-02-08,-10.306140661953238,False
2021-02-09,-7.3623959123105935,False
2021-02-10,-11.296200631695967,False
2021-02-11,-12.762949025449965,False
2021-02-12,-14.716140011904935,False
2021-02-13,-10.995962764796934,False
2021-02-14,-7.882735790949887,False
2021-02-15,-11.287649108323587,False
2021-02-16,-9.59508928099745,False
2021-02-17,-15.790203831379406,False
2021-02-18,-15.12766529292343,False
2021-02-19,-20.015071454390405,False
2021-02-20,-25.0829876876321,False
2021-02-21,-18.767283625058088,False
2021-02-22,-17.77002867075059,False
2021-02-23,-15.975394538198643,False
2021-02-24,-30.966975245513385,False
2021-02-25,-30.134976842998082,False
2021-02-26,-31.46176661880285,False
2021-02-27,-16.280145523842513,False
2021-02-28,-9.685030175713969,False
2021-03-01,-7.145272382794871,False
2021-03-02,-33.5228852971145,False
2021-03-03,-33.63509170651866,False
2021-03-04,-32.18181585984225,False
2021-03-05,-22.369886445562397,False
2021-03-06,-17.133178103165807,False
2021-03-07,-21.392142436185697,False
2021-03-08,-17.976114564518976,False
2021-03-09,-23.04960312684338,False
2021-03-10,-7.732303634431905,False
2021-03-11,4.386382627437734,False
2021-03-12,2.551737379608612,False
2021-03-13,-4.828254879087336,False
2021-03-14,-6.951683918008178,False
2021-03-15,-6.171606039070556,False
2021-03-16,-7.4258577098541965,False
2021-03-17,-10.422715529167922,False
2021-03-18,-13.708802399913074,False
2021-03-19,-17.84942645125728,False
2021-03-20,-50.53373221559755,True
2021-03-21,-57.05518696078101,True
2021-03-22,-54.432687112493305,True
2021-03-23,-26.1195501925642,False
2021-03-24,-23.76208020464574,False
2021-03-25,-22.64914509285283,False
2021-03-26,-13.126771518870763,False
2021-03-27,-5.039147825998428,False
2021-03-28,-12.04072684510505,False
2021-03-29,-21.567248536764797,False
2021-03-30,-21.477430208821186,False
2021-03-31,-19.12537736848172,False
2021-04-01,-16.065397422188465,False
2021-04-02,-17.628273778043123,False
2021-04-03,-17.571702023344425,False
2021-04-04,-16.251667398772486,False
2021-04-05,-23.78797777454351,False
2021-04-06,-22.320070530893826,False
2021-04-07,-21.462444818907514,False
2021-04-08,-22.498317773361375,False
2021-04-09,-18.330948245714925,False
2021-04-10,-19.688627177991798,False
2021-04-11,-11.10669242619653,False
2021-04-12,-11.972934841779477,False
2021-04-13,-6.437821926177375,False
2021-04-14,-8.14688373325434,False
2021-04-15,-10.760162434013997,False
2021-04-16,-15.727534141780238,False
2021-04-17,-14.055240036226316,False
2021-04-18,-12.142177590422486,False
2021-04-19,-12.469000837736095,False
2021-04-20,-17.450159705108664,False
2021-04-21,-20.297203656615277,False
2021-04-22,-26.069991508629585,False
2021-04-23,-16.2637177846548,False
2021-04-24,-40.444080489902774,False
2021-04-25,-37.60528019388763,False
2021-04-26,-47.47721622891218,False
2021-04-27,-17.065552345682644,False
2021-04-28,-15.473730267667127,False
2021-04-29,-43.19017893784092,False
2021-04-30,-49.46383894259415,False
2021-05-01,-47.168063580530834,False
2021-05-02,-19.919374061119285,False
2021-05-03,-8.64481505305026,False
2021-05-04,-14.511185378063518,False
2021-05-05,-9.930514324116379,False
2021-05-06,-15.97600331148154,False
2021-05-07,-9.570413245557495,False
2021-05-08,-11.550846721976436,False
2021-05-09,-14.605237044638535,False
2021-05-10,-16.08518754652809,False
2021-05-11,-15.93204491753121,False
2021-05-12,-11.557245651417867,False
2021-05-13,-2.8903995329689014,False
2021-05-14,-4.532358666486281,False
2021-05-15,-13.867087051982232,False
2021-05-16,-23.062307251752657,False
2021-05-17,-10.513502761104048,False
2021-05-18,-8.248989114666658,False
2021-05-19,-1.3393936994853692,False
2021-05-20,-4.947427793796881,False
2021-05-21,-3.947082488749937,False
2021-05-22,-8.227617393785104,False
2021-05-23,-8.424834157576717,False
2021-05-24,-7.726992154694685,False
2021-05-25,-10.817245911845234,False
2021-05-26,-19.65755606015396,False
2021-05-27,-22.20007201897548,False
2021-05-28,-23.98286075883006,False
2021-05-29,-26.551898170084513,False
2021-05-30,-22.35653737427614,False
2021-05-31,-22.83932011824668,False
2021-06-01,-17.00841540403466,False
2021-06-02,-23.368331861886077,False
2021-06-03,-18.964918008793678,False
2021-06-04,-16.565945809520972,False
2021-06-05,-18.317305794992283,False
2021-06-06,-18.144600444459822,False
2021-06-07,-16.568040321002353,False
2021-06-08,-13.431661825481356,False
2021-06-09,-8.237598557520831,False
2021-06-10,-11.472198489949818,False
2021-06-11,-9.453681838218632,False
2021-06-12,-16.36704769620027,False
2021-06-13,-15.80981608357756,False
2021-06-14,-12.68574709489428,False
2021-06-15,-10.307646814477978,False
2021-06-16,-16.223648836882333,False
2021-06-17,-15.850227106387665,False
2021-06-18,-23.660109063793062,False
2021-06-19,-20.4223189368704,False
2021-06-20,-24.715392798873875,False
2021-06-21,-22.00265458161302,False
2021-06-22,-16.613377635376466,False
2021-06-23,-8.632506587140231,False
2021-06-24,-3.2538343331524566,False
2021-06-25,-12.567458092684523,False
2021-06-26,-18.198332373840802,False
2021-06-27,-15.782494057552782,False
2021-06-28,-10.846375344302848,False
2021-06-29,-0.30342338559686155,False
2021-06-30,-3.582542827936108,False
2021-07-01,-3.381214016535601,False
2021-07-02,-13.894998033272381,False
2021-07-03,-14.934105771720743,False
2021-07-04,-16.312181583203042,False
2021-07-05,-12.243281019638678,False
2021-07-06,-8.950635371589469,False
2021-07-07,-11.484713868099092,False
2021-07-08,-19.642080389084565,False
2021-07-09,-30.813711148676088,False
2021-07-10,-25.637787998994117,False
2021-07-11,-24.726322609458496,False
2021-07-12,-25.993063488855242,False
2021-07-13,-26.470714378381558,False
2021-07-14,-12.085249883954903,False
2021-07-15,-3.4979711583045456,False
2021-07-16,-1.698322478621834,False
2021-07-17,-11.343003114162736,False
2021-07-18,-11.714278080767732,False
2021-07-19,-11.391935246623227,False
2021-07-20,-44.56169222077953,False
2021-07-21,-43.096564351727345,False
2021-07-22,-45.48607905889437,False
2021-07-23,-15.316001333500518,False
2021-07-24,-12.41740119164204,False
2021-07-25,-14.404031443207728,False
2021-07-26,-14.754650266606914,False
2021-07-27,-16.57678029047139,False
2021-07-28,-19.470813190853907,False
2021-07-29,-16.335107923406014,False
2021-07-30,-18.51762328426444,False
2021-07-31,-10.58016909377398,False
2021-08-01,-8.79410079173068,False
2021-08-02,-8.857732640134442,False
2021-08-03,-9.930249706659607,False
2021-08-04,-6.268212442110165,False
2021-08-05,-3.9368633817221395,False
2021-08-06,-7.166518099149766,False
2021-08-07,-17.974693224619656,False
2021-08-08,-24.466389102328595,False
2021-08-09,-25.728698399120788,False
2021-08-10,-22.919402278357282,False
2021-08-11,-19.406832837997577,False
2021-08-12,-17.95933432099048,False
2021-08-13,-13.402514494926422,False
2021-08-14,-12.936624395221003,False
2021-08-15,-11.217217519504624,False
2021-08-16,-28.54934533421402,False
2021-08-17,-36.169216487393136,False
2021-08-18,-41.872564637972964,False
2021-08-19,-27.235558063576956,False
2021-08-20,-24.1724707695259,False
2021-08-21,-18.015414274266067,False
2021-08-22,-11.316060722004813,False
2021-08-23,-1.6022343438511168,False
2021-08-24,-4.8557207475567665,False
2021-08-25,-5.015819529531748,False
2021-08-26,-9.296197107512569,False
2021-08-27,-9.790769508263894,False
2021-08-28,-18.207284709827462,False
2021-08-29,-20.01183328458842,False
2021-08-30,-20.21619667428118,False
2021-08-31,-17.08092113061547,False
2021-09-01,-15.228746460463498,False
2021-09-02,-13.663855105684924,False
2021-09-03,-12.597767316201475,False
2021-09-04,-8.477478141255567,False
2021-09-05,-4.691445680103931,False
2021-09-06,-12.378790232888946,False
2021-09-07,-27.357059871642132,False
2021-09-08,-27.417996768450326,False
2021-09-09,-26.945919688312397,False
2021-09-10,-17.629296756275313,False
2021-09-11,-26.047028505469843,False
2021-09-12,-27.78743546212824,False
2021-09-13,-24.72252294173835,False
2021-09-14,-17.00545019629033,False
2021-09-15,-12.10357004887713,False
2021-09-16,-24.633590130275923,False
2021-09-17,-29.855188564496434,False
2021-09-18,-25.981930939979378,False
2021-09-19,-21.53340804649625,False
2021-09-20,-18.6149905743697,False
2021-09-21,-20.243445992671866,False
2021-09-22,-12.010633719170997,False
2021-09-23,-12.265751924631006,False
2021-09-24,-16.096788291465245,False
2021-09-25,-13.627668283211634,False
2021-09-26,-14.740108048976127,False
2021-09-27,-10.957050443489635,False
2021-09-28,-19.476408286440385,False
2021-09-29,-20.61541899909854,False
2021-09-30,-24.04541169716642,False
2021-10-01,-21.004124100567324,False
2021-10-02,-12.384161175231915,False
2021-10-03,-14.332554890849734,False
2021-10-04,-20.095016242663007,False
2021-10-05,-21.05716885325795,False
2021-10-06,-47.74524646392843,False
2021-10-07,-43.96729182706113,False
2021-10-08,-45.69235438745125,False
2021-10-09,-15.939134364002806,False
2021-10-10,-5.958804555175395,False
2021-10-11,-38.40843623081394,False
2021-10-12,-37.93761970444929,False
2021-10-13,-36.61242570557502,False
2021-10-14,-10.745272471534141,False
2021-10-15,-5.825245350914102,False
2021-10-16,-13.257307882350148,False
2021-10-17,-5.627483032741602,False
2021-10-18,-2.34981973387142,False
2021-10-19,-3.418973459234321,False
2021-10-20,-11.639610098214247,False
2021-10-21,-16.045766313365192,False
2021-10-22,-18.884644388636683,False
2021-10-23,-7.817423917145457,False
2021-10-24,-9.111171164570973,False
2021-10-25,-7.861595890810983,False
2021-10-26,-15.17642365745784,False
2021-10-27,-21.11107013990758,False
2021-10-28,-23.53624008870175,False
2021-10-29,-19.473305680383685,False
2021-10-30,-16.712377638150482,False
2021-10-31,-17.01356541483563,False
2021-11-01,-19.668610036504187,False
2021-11-02,-12.298216301966617,False
2021-11-03,-5.234759128578591,False
2021-11-04,-3.397179395464471,False
2021-11-05,-11.167176368394301,False
2021-11-06,-19.73023227802194,False
2021-11-07,-17.70908841342326,False
2021-11-08,-30.95397228593266,False
2021-11-09,-26.270061684785475,False
2021-11-10,-26.962619725211187,False
2021-11-11,-8.465635460821305,False
2021-11-12,-5.638752306674687,False
2021-11-13,-2.2915194944665824,False
2021-11-14,-7.0905124535897945,False
2021-11-15,-5.202703029591276,False
2021-11-16,-13.634659909607274,False
2021-11-17,-9.986217872633674,False
2021-11-18,-7.583704679308497,False
2021-11-19,-5.780414153738339,False
2021-11-20,-4.7015989529928355,False
2021-11-21,-6.5254433094037525,False
2021-11-22,-10.016597252733789,False
2021-11-23,-15.526620238288345,False
2021-11-24,-23.99588636361169,False
2021-11-25,-30.401501802944153,False
2021-11-26,-18.819834613826842,False
2021-11-27,-19.053431300629438,False
2021-11-28,-12.073019437468522,False
2021-11-29,-21.40510115678549,False
2021-11-30,-15.762640902662355,False
2021-12-01,-11.61467755816208,False
2021-12-02,-7.065530405167418,False
2021-12-03,-10.627466950679574,False
2021-12-04,-14.558902655982408,False
2021-12-05,-16.87047680746819,False
2021-12-06,-32.248209623442584,False
2021-12-07,-25.15034046421697,False
2021-12-08,-24.31676045961716,False
2021-12-09,-3.667206745167745,False
2021-12-10,-7.445063974578065,False
2021-12-11,-4.71506835118977,False
2021-12-12,-6.930493260574212,False
2021-12-13,-14.76934612706725,False
2021-12-14,-17.864489749997983,False
2021-12-15,-21.19400355998013,False
2021-12-16,-18.12114249515577,False
2021-12-17,-17.374438227145962,False
2021-12-18,-9.815878366244101,False
2021-12-19,-7.616325332300828,False
2021-12-20,-8.726449356925345,False
2021-12-21,-6.870721864118937,False
2021-12-22,-5.9927954531089105,False
2021-12-23,3.1786049532168144,False
2021-12-24,-1.3682162427979605,False
2021-12-25,-9.374279997375504,False
2021-12-26,-16.767645969678956,False
2021-12-27,-17.50505101267402,False
2021-12-28,-5.302988959719767,False
2021-12-29,-5.623630039058064,False
2021-12-30,-7.70208751452427,False
2021-12-31,-17.758291476012715,False
2022-01-01,-21.28710991023665,False
2022-01-02,-24.13536779113876,False
2022-01-03,-21.560268645200185,False
2022-01-04,-18.369861998373647,False
2022-01-05,-8.288162164130819,False
2022-01-06,-4.387382245620003,False
2022-01-07,-11.525228111443178,False
2022-01-08,-16.426435455968242,False
2022-01-09,-13.218595628677562,False
2022-01-10,-10.874194997814351,False
2022-01-11,-13.188674337386587,False
2022-01-12,-17.916447505052403,False
2022-01-13,-18.616909140103832,False
2022-01-14,-15.487718738036726,False
2022-01-15,-16.030264111384643,False
2022-01-16,-11.212541083427572,False
2022-01-17,-17.355631530011408,False
2022-01-18,-44.4342033391839,False
2022-01-19,-43.222807683500925,False
2022-01-20,-41.1641715806596,False
2022-01-21,-6.693951772122353,False
2022-01-22,-11.182021945891847,False
2022-01-23,-8.791950434517235,False
2022-01-24,-11.969442511958496,False
2022-01-25,-37.00646083037697,False
2022-01-26,-44.94843498130763,False
2022-01-27,-54.78142356708037,True
2022-01-28,-23.09552409249474,False
2022-01-29,-18.25972142814142,False
2022-01-30,-1.9242990271880345,False
2022-01-31,-9.231625835526318,False
2022-02-01,-6.285988039168383,False
2022-02-02,-10.350345371569889,False
2022-02-03,-24.632305967838658,False
2022-02-04,-17.124496874081206,False
2022-02-05,-18.45947176198014,False
2022-02-06,2.175729332164027,False
2022-02-07,-3.700177177576832,False
2022-02-08,-5.42019779528285,False
2022-02-09,-11.721190763842833,False
2022-02-10,-17.364094094336796,False
2022-02-11,-20.491036228647154,False
2022-02-12,-18.967031853432733,False
2022-02-13,-17.507148517052606,False
2022-02-14,-14.708100897581936,False
2022-02-15,-10.20614157320018,False
2022-02-16,-42.93803097451993,False
2022-02-17,-39.813460440125745,False
2022-02-18,-48.20143773094181,False
2022-02-19,-35.296493272065334,False
2022-02-20,-61.55131560323625,True
2022-02-21,-64.45070561499446,True
2022-02-22,-43.14157121861289,False
2022-02-23,-23.283859245196158,False
2022-02-24,-9.763913803935393,False
2022-02-25,-6.909944322345486,False
2022-02-26,-10.519701586129171,False
2022-02-27,-9.157130293760941,False
2022-02-28,-6.796242249878641,False
2022-03-01,-0.3711041386873581,False
2022-03-02,-25.414270754213316,False
2022-03-03,-34.13616248320864,False
2022-03-04,-37.95338040136732,False
2022-03-05,-15.971589572361372,False
2022-03-06,-4.5954874017290175,False
2022-03-07,3.066313815643951,False
2022-03-08,-3.24407835031789,False
2022-03-09,-37.39258884783518,False
2022-03-10,-43.002017973279116,False
2022-03-11,-48.12037774838543,False
2022-03-12,-20.21754161786745,False
2022-03-13,-21.37149695070694,False
2022-03-14,-16.1618854959285,False
2022-03-15,-48.08233247386439,False
2022-03-16,-70.24124343403139,True
2022-03-17,-70.50790078520608,True
2022-03-18,-44.559792006850465,False
2022-03-19,-33.29951955461538,False
2022-03-20,-31.27877581617028,False
2022-03-21,-19.510102086650154,False
2022-03-22,-1.3760163753320747,False
2022-03-23,-3.094341781474617,False
2022-03-24,-25.046272684755262,False
2022-03-25,-66.3440328197524,True
2022-03-26,-68.50918955016049,True
2022-03-27,-52.439097434280946,True
2022-03-28,-14.722053043936526,False
2022-03-29,-5.8207783916461295,False
2022-03-30,-7.428562296843805,False
2022-03-31,-11.30757841109043,False
2022-04-01,-19.727241653653902,False
2022-04-02,-22.634146763893536,False
2022-04-03,-43.74983541769641,False
2022-04-04,-38.76844304340545,False
2022-04-05,-31.806583122313015,False
2022-04-06,-13.088915270523655,False
2022-04-07,-8.58762302195028,False
2022-04-08,-13.326455931053554,False
2022-04-09,-10.199209305725917,False
2022-04-10,-19.1588102981553,False
2022-04-11,-27.771276935076788,False
2022-04-12,-24.149626172238843,False
2022-04-13,-18.21340386727782,False
2022-04-14,-9.641753054658906,False
2022-04-15,-12.909971771203617,False
2022-04-16,-13.793590488756953,False
2022-04-17,-18.918463687830272,False
2022-04-18,-21.30263726611494,False
2022-04-19,-20.189335418444028,False
2022-04-20,-41.87104100631101,False
2022-04-21,-55.57465459159525,True
2022-04-22,-64.17804052857618,True
2022-04-23,-34.38043158342892,False
2022-04-24,-18.703173217949438,False
2022-04-25,-19.737373263077853,False
2022-04-26,-16.944135774983273,False
2022-04-27,-19.739936152985536,False
2022-04-28,-16.52041863742102,False
2022-04-29,-20.37709926632594,False
2022-04-30,-12.844183561418879,False
2022-05-01,-13.666461089274941,False
2022-05-02,-14.222018478806826,False
2022-05-03,-17.101301875199397,False
2022-05-04,-10.265592170233232,False
2022-05-05,-9.806545348516217,False
2022-05-06,-12.989922706171797,False
2022-05-07,-19.072706017819254,False
2022-05-08,-19.433896706742654,False
2022-05-09,-22.254341398351794,False
2022-05-10,-30.629382449735346,False
2022-05-11,-29.227718765290174,False
2022-05-12,-21.323423353002966,False
2022-05-13,-19.089751161191888,False
2022-05-14,-24.87491319666231,False
2022-05-15,-26.014035516986297,False
2022-05-16,-8.33232389597215,False
2022-05-17,-4.210226246430768,False
2022-05-18,-9.598855055368096,False
2022-05-19,-18.56042269863425,False
2022-05-20,-13.144091852743145,False
2022-05-21,-12.81593680432475,False
2022-05-22,-15.2811190665064,False
2022-05-23,-22.71159883182727,False
2022-05-24,-40.14047297574421,False
2022-05-25,-36.453023685164005,False
2022-05-26,-28.023335762557636,False
2022-05-27,-6.718287809678444,False
2022-05-28,-8.218383082162775,False
2022-05-29,-15.884341991703195,False
2022-05-30,-23.42942231895394,False
2022-05-31,-18.887569201860153,False
2022-06-01,-18.03167291424918,False
2022-06-02,-12.50082933382506,False
2022-06-03,-3.2608381710342513,False
2022-06-04,-1.754477749520298,False
2022-06-05,-4.039722295538533,False
2022-06-06,-18.517582951740152,False
2022-06-07,-15.118811748415874,False
2022-06-08,-11.65856590588408,False
2022-06-09,-15.706247434331374,False
2022-06-10,-16.623114532817578,False
2022-06-11,-19.74877251712461,False
2022-06-12,-6.502469498984962,False
2022-06-13,-5.859192974427184,False
2022-06-14,-4.975904214906213,False
2022-06-15,-7.345029872835944,False
2022-06-16,-11.393800093584924,False
2022-06-17,-6.1934178104610424,False
2022-06-18,-9.378551988223593,False
2022-06-19,-13.035400650296701,False
2022-06-20,-19.020694680055424,False
2022-06-21,-16.83978267890868,False
2022-06-22,-14.793457387371348,False
2022-06-23,-13.833851911069488,False
2022-06-24,-21.774185498791542,False
2022-06-25,-18.74068790799154,False
2022-06-26,-8.875994378050972,False
2022-06-27,-9.325635717670652,False
2022-06-28,-10.923154153353464,False
2022-06-29,-13.524371608664325,False
2022-06-30,-9.572805516630094,False
2022-07-01,-7.860196158322192,False
2022-07-02,-17.75865249257143,False
2022-07-03,-15.726858538757972,False
2022-07-04,-35.87335450529622,False
2022-07-05,-27.68086040998925,False
2022-07-06,-24.644544592560838,False
2022-07-07,4.050718757052926,False
2022-07-08,2.4263314671877763,False
2022-07-09,-1.0200274727425622,False
2022-07-10,-10.600744834507672,False
2022-07-11,-14.331942698604728,False
2022-07-12,-14.28119259108663,False
2022-07-13,-16.240335437952094,False
2022-07-14,-14.153826361630882,False
2022-07-15,-10.237371593045808,False
2022-07-16,-13.081936213608254,False
2022-07-17,-9.19626587417053,False
2022-07-18,-9.198195747242908,False
2022-07-19,-5.64429959408866,False
2022-07-20,-18.69123343463922,False
2022-07-21,-57.71620375741943,True
2022-07-22,-52.05595146321067,True
2022-07-23,-43.66000411637182,False
2022-07-24,-13.90070299213072,False
2022-07-25,-21.107780863288028,False
2022-07-26,-17.653828508074287,False
2022-07-27,-11.469685306089126,False
2022-07-28,-10.406314017855033,False
2022-07-29,-15.236091771131996,False
2022-07-30,-18.9900586401128,False
2022-07-31,-21.723970981428035,False
2022-08-01,-13.795170576291516,False
2022-08-02,-13.517419856961588,False
2022-08-03,-4.959145035665592,False
2022-08-04,-5.335383585853553,False
2022-08-05,-0.05285811641635204,False
2022-08-06,-6.6479734505905315,False
2022-08-07,-11.1183172969339,False
2022-08-08,-15.208343315089406,False
2022-08-09,-17.096669507137726,False
2022-08-10,-17.41415274159775,False
2022-08-11,-22.033529480673298,False
2022-08-12,-13.668004483906529,False
2022-08-13,-16.823910799986514,False
2022-08-14,-11.303113011855947,False
2022-08-15,-14.920679079517633,False
2022-08-16,-14.09782978514037,False
2022-08-17,-12.555693202730628,False
2022-08-18,-40.28276834362766,False
2022-08-19,-35.76195925898238,False
2022-08-20,-43.492653185870466,False
2022-08-21,-16.393211212972357,False
2022-08-22,-12.122684406568192,False
2022-08-23,-10.7400909840035,False
2022-08-24,-13.956589184288552,False
2022-08-25,-19.65667378188603,False
2022-08-26,-14.93702135570534,False
2022-08-27,-31.685367496514544,False
2022-08-28,-31.784250374559548,False
2022-08-29,-29.963691628070865,False
2022-08-30,-6.065566237337358,False
2022-08-31,-6.3830401302139625,False
2022-09-01,-9.886956622935212,False
2022-09-02,-11.63546118594918,False
2022-09-03,-5.675208074082369,False
2022-09-04,-5.240712441138492,False
2022-09-05,-11.829124464631983,False
2022-09-06,-15.000329527064954,False
2022-09-07,-14.951319197349056,False
2022-09-08,-19.743880162722633,False
2022-09-09,-20.78251613126884,False
2022-09-10,-22.44230421927013,False
2022-09-11,-14.113759164430633,False
2022-09-12,-16.17552455075626,False
2022-09-13,-13.272213087824305,False
2022-09-14,-10.072272690051504,False
2022-09-15,-13.142139494606937,False
2022-09-16,-11.85171502101887,False
2022-09-17,-15.727708999910698,False
2022-09-18,-11.030521594081314,False
2022-09-19,-10.62147485073343,False
2022-09-20,-13.325042948576142,False
2022-09-21,-11.936356407426025,False
2022-09-22,-16.54168012393443,False
2022-09-23,-9.56769412263147,False
2022-09-24,-12.442473333726236,False
2022-09-25,-36.079330269046785,False
2022-09-26,-40.20542539165877,False
2022-09-27,-43.07184182973692,False
2022-09-28,-17.368809537511115,False
2022-09-29,-17.68766473936081,False
2022-09-30,-13.090629947119817,False
2022-10-01,-19.478193957315238,False
2022-10-02,-22.480204502563552,False
2022-10-03,-29.951183796648525,False
2022-10-04,-19.684710995007872,False
2022-10-05,-8.627527828094754,False
2022-10-06,-4.774113015927867,False
2022-10-07,-9.250630276582212,False
2022-10-08,-15.812875114457187,False
2022-10-09,-10.747565029874542,False
2022-10-10,-13.781690673876795,False
2022-10-11,-13.10842339539038,False
2022-10-12,-13.855146086693422,False
2022-10-13,-8.141356870171744,False
2022-10-14,-8.336506334715912,False
2022-10-15,-8.233112483577065,False
2022-10-16,-21.050418335333394,False
2022-10-17,-19.09724352360474,False
2022-10-18,-40.815659798150065,False
2022-10-19,-37.325262213578945,False
2022-10-20,-37.99195309360265,False
2022-10-21,-14.783087008674059,False
2022-10-22,-8.010349479758998,False
2022-10-23,-6.243661689047166,False
2022-10-24,-5.289182837744416,False
2022-10-25,0.5202690351025403,False
2022-10-26,3.2686289637763566,False
2022-10-27,-0.21197410389065632,False
2022-10-28,-5.169897362620474,False
2022-10-29,-18.13761872769472,False
2022-10-30,-22.090378644502085,False
2022-10-31,-25.76509958137322,False
2022-11-01,-10.673465463793292,False
2022-11-02,-10.392758761002844,False
2022-11-03,-6.526953152600135,False
2022-11-04,-13.00478251842952,False
2022-11-05,-12.126829483210358,False
2022-11-06,-5.839444548625289,False
2022-11-07,-10.535983499724965,False
2022-11-08,-9.93196346426581,False
2022-11-09,-19.682049968781016,False
2022-11-10,-22.47154256672603,False
2022-11-11,-25.697048751296148,False
2022-11-12,-22.8753135966976,False
2022-11-13,-19.312432449883815,False
2022-11-14,-19.635040005758096,False
2022-11-15,-25.112162672251785,False
2022-11-16,-23.727376064697523,False
2022-11-17,-26.97657364132611,False
2022-11-18,-18.31107993188036,False
2022-11-19,-17.64889862962757,False
2022-11-20,-17.460223131363282,False
2022-11-21,-21.737283294321145,False
2022-11-22,-25.075667928421492,False
2022-11-23,-17.96876388888505,False
2022-11-24,-39.25918043240817,False
2022-11-25,-43.751244688628816,False
2022-11-26,-44.56783841371587,False
2022-11-27,-22.681116744259857,False
2022-11-28,-12.495066559875015,False
2022-11-29,-12.102384363513929,False
2022-11-30,-14.469730508202645,False
2022-12-01,-18.43130655667098,False
2022-12-02,-22.46819649683569,False
2022-12-03,-15.156290615486023,False
2022-12-04,-13.79482827813178,False
2022-12-05,-3.0059621079057943,False
2022-12-06,-7.55263391755867,False
2022-12-07,-10.471507579888291,False
2022-12-08,-24.13112789335163,False
2022-12-09,-31.101043343116928,False
2022-12-10,-34.60396004749703,False
2022-12-11,-27.48059587299979,False
2022-12-12,-18.233137075056277,False
2022-12-13,-18.22135611116285,False
2022-12-14,-15.709709458904323,False
2022-12-15,-19.676853758557822,False
2022-12-16,-12.764918902487087,False
2022-12-17,-9.896189645769851,False
2022-12-18,-4.376588175573966,False
2022-12-19,-6.0378828151394925,False
2022-12-20,-16.051534229822337,False
2022-12-21,-28.246153098601685,False
2022-12-22,-30.048643783948034,False
2022-12-23,-27.328395837597665,False
2022-12-24,-22.669852340885182,False
2022-12-25,-20.31826693228472,False
2022-12-26,-19.166338445138866,False
2022-12-27,-16.117044263766445,False
2022-12-28,-18.192026718691068,False
2022-12-29,-17.82481556265923,False
2022-12-30,-15.157629037149277,False
2022-12-31,-16.919215023626823,False
2023-01-01,-11.950104192508652,False
2023-01-02,-14.112219319923335,False
2023-01-03,-9.675224518372561,False
2023-01-04,-12.486096344331415,False
2023-01-05,-11.15887929014036,False
2023-01-06,-41.79689225236854,False
2023-01-07,-43.48125328458747,False
2023-01-08,-46.863867308203226,False
2023-01-09,-14.855238736930028,False
2023-01-10,-20.578640227019974,False
2023-01-11,-17.694651905352128,False
2023-01-12,-19.27358596875438,False
2023-01-13,-15.531148568561889,False
2023-01-14,-16.479537437423705,False
2023-01-15,-23.874013656836414,False
2023-01-16,-25.236445858710102,False
2023-01-17,-24.350916208389922,False
2023-01-18,-16.184094458409767,False
2023-01-19,-18.099895391149754,False
2023-01-20,-13.408443632255407,False
2023-01-21,-17.512568593103016,False
2023-01-22,-9.524039227292235,False
2023-01-23,-12.8780931432643,False
2023-01-24,-11.998302989781507,False
2023-01-25,-8.774888221450405,False
2023-01-26,-15.258212995963063,False
2023-01-27,-8.996687062147847,False
2023-01-28,-12.095601360413982,False
2023-01-29,-10.003534869694642,False
2023-01-30,-8.110290363877331,False
2023-01-31,-13.112805694445056,False
2023-02-01,-9.275550341019049,False
2023-02-02,-13.804124186191482,False
2023-02-03,-13.341173093677861,False
2023-02-04,-11.252714518158163,False
2023-02-05,-9.120046991034192,False
2023-02-06,-15.576939918104722,False
2023-02-07,-13.60281203923124,False
2023-02-08,-23.42673487358279,False
2023-02-09,-12.302422163263438,False
2023-02-10,-13.012962587465717,False
2023-02-11,-10.726860356183812,False
2023-02-12,-37.74065231856718,False
2023-02-13,-46.67029153982126,False
2023-02-14,-43.166109940115405,False
2023-02-15,-35.79877623216594,False
2023-02-16,-28.257315429144843,False
2023-02-17,-22.15639632351147,False
2023-02-18,-1.057387643284364,False
2023-02-19,-6.424701878674931,False
2023-02-20,-12.502824358131477,False
2023-02-21,-24.8193123701751,False
2023-02-22,-25.794120529846648,False
2023-02-23,-21.097826502478707,False
2023-02-24,-7.901742439401976,False
2023-02-25,-9.615657660936911,False
2023-02-26,-15.84492122993832,False
2023-02-27,-22.412875551966952,False
2023-02-28,-16.354835429168837,False
2023-03-01,-17.223392472243845,False
2023-03-02,-15.421525266551777,False
2023-03-03,-18.43752729011387,False
2023-03-04,-15.2569222939404,False
2023-03-05,-14.76802947978196,False
2023-03-06,-12.846983012254546,False
2023-03-07,-14.534717490847704,False
2023-03-08,-17.158293698565824,False
2023-03-09,-17.53743461463092,False
2023-03-10,-17.271935172053155,False
2023-03-11,-17.86868020701824,False
2023-03-12,-11.12063968817803,False
2023-03-13,-7.396917776884565,False
2023-03-14,-7.543654798332798,False
2023-03-15,-33.75406109031396,False
2023-03-16,-37.33301684110295,False
2023-03-17,-31.458597018639747,False
2023-03-18,-10.164210639885075,False
2023-03-19,-9.25814125687795,False
2023-03-20,-37.79789227582762,False
2023-03-21,-45.55996565289399,False
2023-03-22,-49.63782695251629,False
2023-03-23,-30.566274509509412,False
2023-03-24,-23.71099752218059,False
2023-03-25,-12.273867648601003,False
2023-03-26,1.4270329617657473,False
2023-03-27,3.407464988473949,False
2023-03-28,-1.5192171096885907,False
2023-03-29,-17.648648631070074,False
2023-03-30,-22.371548235769193,False
2023-03-31,-46.76340662785551,False
2023-04-01,-61.955209262652566,True
2023-04-02,-60.457089338055624,True
2023-04-03,-39.95697115653565,False
2023-04-04,-25.4781368266308,False
2023-04-05,-21.813920527821505,False
2023-04-06,-24.216530319992216,False
2023-04-07,-15.342343622044469,False
2023-04-08,-10.037653967514709,False
2023-04-09,-9.424220230901179,False
2023-04-10,-44.54918867860831,False
2023-04-11,-53.989536245128654,True
2023-04-12,-45.90815933878867,False
2023-04-13,-3.9067885306437593,False
2023-04-14,-7.6809700209329845,False
2023-04-15,-10.098011667981181,False
2023-04-16,-19.79264331198377,False
2023-04-17,-15.298238351390642,False
2023-04-18,-6.70766185626859,False
2023-04-19,-10.858301342728987,False
2023-04-20,-32.25659476223944,False
2023-04-21,-40.963195463245846,False
2023-04-22,-30.60816884990784,False
2023-04-23,-8.394149399297268,False
2023-04-24,-9.032719928342592,False
2023-04-25,-14.942459497787146,False
2023-04-26,-14.257884346690298,False
2023-04-27,-16.862855606696346,False
2023-04-28,-12.80997377758498,False
2023-04-29,-15.364922886739947,False
2023-04-30,-12.483752209141558,False
2023-05-01,-43.84345486559696,False
2023-05-02,-37.86081251833375,False
2023-05-03,-39.57478898829645,False
2023-05-04,-17.793503764092772,False
2023-05-05,-17.25001876432548,False
2023-05-06,-20.66737307342201,False
2023-05-07,-16.190308555189763,False
2023-05-08,-23.620639734219697,False
2023-05-09,-14.499958158085954,False
2023-05-10,-20.427589659405456,False
2023-05-11,-5.4939503485915155,False
2023-05-12,-6.7674754850105785,False
2023-05-13,2.668177027420842,False
2023-05-14,-10.102393109684277,False
2023-05-15,-13.184404046517855,False
2023-05-16,-11.992869989517141,False
2023-05-17,-9.192431643251767,False
2023-05-18,-8.112230078668603,False
2023-05-19,-9.83839706716496,False
2023-05-20,-13.208613092194492,False
2023-05-21,-16.036124090822334,False
2023-05-22,-17.174079937254053,False
2023-05-23,-11.849645868556493,False
2023-05-24,-28.550355797907272,False
2023-05-25,-39.53227721515367,False
2023-05-26,-41.44375449650288,False
2023-05-27,-23.35900665366296,False
2023-05-28,-11.672287140789427,False
2023-05-29,-15.849964059264016,False
2023-05-30,-12.132457958195062,False
2023-05-31,-8.26751708392004,False
2023-06-01,-9.804953942858932,False
2023-06-02,-12.673195674304845,False
2023-06-03,-46.93285862335463,False
2023-06-04,-49.359820611215916,False
2023-06-05,-53.494898658073915,True
2023-06-06,-19.57576766798453,False
2023-06-07,-10.24479482732446,False
2023-06-08,-5.685584248575428,False
2023-06-09,-6.234774990714475,False
2023-06-10,-7.982562023758987,False
2023-06-11,-12.600830085039968,False
2023-06-12,-13.773523053736193,False
2023-06-13,-12.6365981012853,False
2023-06-14,-7.053506401139193,False
2023-06-15,-39.79355985208033,False
2023-06-16,-40.1619825641868,False
2023-06-17,-41.77335505327476,False
2023-06-18,-6.480390827763685,False
2023-06-19,-9.41969125356418,False
2023-06-20,-14.352982688641383,False
2023-06-21,-19.28585149768215,False
2023-06-22,-22.159377039911703,False
2023-06-23,-21.33259153489836,False
2023-06-24,-21.258398361985375,False
2023-06-25,-21.448467466759425,False
2023-06-26,-40.795247409829095,False
2023-06-27,-47.791631394782165,False
2023-06-28,-43.76877688129056,False
2023-06-29,-21.71646193687447,False
2023-06-30,-17.410357793332093,False
2023-07-01,-15.626549949094226,False
2023-07-02,-11.881091300036891,False
2023-07-03,-15.042976233240026,False
2023-07-04,-20.7308580212345,False
2023-07-05,-27.557707970889933,False
2023-07-06,-24.88708091784949,False
2023-07-07,-18.518282435857643,False
2023-07-08,-16.21701759179966,False
2023-07-09,-13.515464552606645,False
2023-07-10,-24.848813377960653,False
2023-07-11,-21.531836702032532,False
2023-07-12,-25.43081091620398,False
2023-07-13,-17.175630937511652,False
2023-07-14,-18.607795306515793,False
2023-07-15,-8.208127343747298,False
2023-07-16,-13.68313946128906,False
2023-07-17,-26.87069583640513,False
2023-07-18,-31.577932040744955,False
2023-07-19,-19.14060571822509,False
2023-07-20,-2.1067716831840353,False
2023-07-21,-2.0035322011003114,False
2023-07-22,-11.172121669671917,False
2023-07-23,-12.899416694880424,False
2023-07-24,-17.632239154796803,False
2023-07-25,-13.760263334843735,False
2023-07-26,-14.96687308472647,False
2023-07-27,-6.831848655913075,False
2023-07-28,-31.098956022680188,False
2023-07-29,-31.55117279063163,False
2023-07-30,-37.827866923457144,False
2023-07-31,-15.568487882882883,False
2023-08-01,-24.214455371154425,False
2023-08-02,-24.957453392680662,False
2023-08-03,-54.44403226060999,True
2023-08-04,-49.46408223279189,False
2023-08-05,-46.07581022030076,False
2023-08-06,-19.77661383313226,False
2023-08-07,-13.196137572096006,False
2023-08-08,-13.804728800558104,False
2023-08-09,-10.55225035558376,False
2023-08-10,-16.347951890933317,False
2023-08-11,-15.728017415170191,False
2023-08-12,-12.390423071945193,False
2023-08-13,-14.547365068737122,False
2023-08-14,-17.80059376047407,False
2023-08-15,-22.315890934251268,False
2023-08-16,-24.230853765300523,False
2023-08-17,-24.875419247885485,False
2023-08-18,-25.565398626957464,False
2023-08-19,-16.68435821021369,False
2023-08-20,-12.357081455320001,False
2023-08-21,-9.677838315671188,False
2023-08-22,-9.77180318985021,False
2023-08-23,-11.371535659455496,False
2023-08-24,-10.584035905210115,False
2023-08-25,-34.658536376746305,False
2023-08-26,-33.04759982555021,False
2023-08-27,-36.9404938557121,False
2023-08-28,-48.37284605419334,False
2023-08-29,-49.971412100537066,False
2023-08-30,-41.94938492569097,False
2023-08-31,-6.141262495379063,False
2023-09-01,-1.7425559082691642,False
2023-09-02,-21.221191902182795,False
2023-09-03,-24.571423147303417,False
2023-09-04,-27.643750256045717,False
2023-09-05,-16.32671438826925,False
2023-09-06,-17.945636176223196,False
2023-09-07,-16.27181440676101,False
2023-09-08,-8.985669076348346,False
2023-09-09,-8.279162754964146,False
2023-09-10,-12.54300441345436,False
2023-09-11,-17.356430326703236,False
2023-09-12,-14.393818228262775,False
2023-09-13,-18.368480433391298,False
2023-09-14,-27.55531608136664,False
2023-09-15,-51.4508613333908,True
2023-09-16,-50.55829177251326,True
2023-09-17,-43.40612875055354,False
2023-09-18,-22.506531769515743,False
2023-09-19,-43.72449862355385,False
2023-09-20,-35.88206769508162,False
2023-09-21,-33.983967361402456,False
2023-09-22,-6.681253365264406,False
2023-09-23,-10.00229492697378,False
2023-09-24,-15.864606456506138,False
2023-09-25,-12.910056745268376,False
2023-09-26,-15.701942467583821,False
2023-09-27,-8.464687527495895,False
2023-09-28,-16.90856360933759,False
2023-09-29,-22.82054152726001,False
2023-09-30,-22.230905364124748,False
2023-10-01,-16.43783832757406,False
2023-10-02,-13.831009480939843,False
2023-10-03,-20.581220438138732,False
2023-10-04,-17.585119404869722,False
2023-10-05,-18.73456075890899,False
2023-10-06,-8.68521662078636,False
2023-10-07,-16.789438697036914,False
2023-10-08,-9.47822342313407,False
2023-10-09,-17.363389139153863,False
2023-10-10,-11.348156476233015,False
2023-10-11,-16.07818018712332,False
2023-10-12,-15.414877908416557,False
2023-10-13,-17.663950931163043,False
2023-10-14,-19.496244745832165,False
2023-10-15,-15.881775739862485,False
2023-10-16,-18.098306707331712,False
2023-10-17,-15.003956545565893,False
2023-10-18,-21.944651425680448,False
2023-10-19,-30.141131794975347,False
2023-10-20,-29.990843184015947,False
2023-10-21,-16.362983999130236,False
2023-10-22,-2.975232212356899,False
2023-10-23,-2.288162680893801,False
2023-10-24,-43.73286046164167,False
2023-10-25,-60.57409522288191,True
2023-10-26,-58.30857724324349,True
2023-10-27,-31.237592410182668,False
2023-10-28,-13.077488021859033,False
2023-10-29,-12.404439220794897,False
2023-10-30,-4.808445056727779,False
2023-10-31,-7.511828880164359,False
2023-11-01,-10.294887511153375,False
2023-11-02,-10.476185470117834,False
2023-11-03,-9.86283189039123,False
2023-11-04,-11.357461364931284,False
2023-11-05,-16.34331340038617,False
2023-11-06,-18.303144754303734,False
2023-11-07,-10.690901304558887,False
2023-11-08,-13.352922515586888,False
2023-11-09,-19.630448759644594,False
2023-11-10,-56.086475683389615,True
2023-11-11,-50.926496573349944,True
2023-11-12,-44.36302885285855,False
2023-11-13,-13.127269743460275,False
2023-11-14,-14.223629569423567,False
2023-11-15,-8.957542472496872,False
2023-11-16,-16.336971178036933,False
2023-11-17,-18.758150258618695,False
2023-11-18,-25.130623053623214,False
2023-11-19,-25.29976238433382,False
2023-11-20,-22.689191902941122,False
2023-11-21,-15.630292199432859,False
2023-11-22,-8.973991001632344,False
2023-11-23,-7.347769761029325,False
2023-11-24,-19.03430948463172,False
2023-11-25,-21.583301069973476,False
2023-11-26,-24.00689021414396,False
2023-11-27,-20.237091540478573,False
2023-11-28,-12.645070728305589,False
2023-11-29,-8.913520964109344,False
2023-11-30,-12.088492404832534,False
2023-12-01,-41.941645424134215,False
2023-12-02,-42.17952267304758,False
2023-12-03,-33.17309469121438,False
2023-12-04,-2.1243541056542754,False
2023-12-05,-8.177617866952891,False
2023-12-06,-15.981644065879308,False
2023-12-07,-27.334118247811272,False
2023-12-08,-24.209820916927722,False
2023-12-09,-19.10095737430103,False
2023-12-10,-10.121307872286156,False
2023-12-11,-9.489032530428322,False
2023-12-12,-46.19515006286775,False
2023-12-13,-49.53745616022919,False
2023-12-14,-75.4279604398887,True
2023-12-15,-32.22912151845552,False
2023-12-16,-39.26679759592272,False
2023-12-17,-12.33352690611022,False
2023-12-18,-12.597256915970755,False
2023-12-19,-6.139413429258532,False
2023-12-20,-7.638531884847407,False
2023-12-21,-17.162738453007673,False
2023-12-22,-17.911504558297295,False
2023-12-23,-11.659954519585199,False
2023-12-24,-19.077620473661515,False
2023-12-25,-12.222318941426584,False
2023-12-26,-43.298875301868634,False
2023-12-27,-35.51803697348827,False
2023-12-28,-43.36874945986822,False
2023-12-29,-15.429373919049409,False
2023-12-30,-20.75526200964674,False
2023-12-31,-17.18959366412432,False
2024-01-01,-11.446568250059789,False
2024-01-02,-10.506766860896041,False
2024-01-03,-11.596632854782229,False
2024-01-04,-22.34180005911608,False
2024-01-05,-15.185555215972691,False
2024-01-06,-15.867788776751263,False
2024-01-07,-15.785807701742067,False
2024-01-08,-15.537867387029914,False
2024-01-09,-8.39706605754595,False
2024-01-10,-6.594733588277909,False
2024-01-11,-5.667190959169478,False
2024-01-12,-18.057675229801106,False
2024-01-13,-21.119805570163944,False
2024-01-14,-22.10921222723516,False
2024-01-15,-10.999656281606647,False
2024-01-16,-5.751457379191973,False
2024-01-17,-8.8933146128061,False
2024-01-18,-14.832613105256543,False
2024-01-19,-21.256697436278053,False
2024-01-20,-17.586404008763967,False
2024-01-21,-51.20135424496277,True
2024-01-22,-48.00808464041622,False
2024-01-23,-52.306314536875696,True
2024-01-24,-17.625017003762114,False
2024-01-25,-17.563534616592175,False
2024-01-26,-15.947896484057459,False
2024-01-27,-8.612522245999592,False
2024-01-28,-7.853746104821197,False
2024-01-29,-9.022576254402797,False
2024-01-30,-20.011630633609496,False
2024-01-31,-16.04675994462576,False
2024-02-01,-15.338296029413284,False
2024-02-02,-15.345620960158351,False
2024-02-03,-43.045701107342104,False
2024-02-04,-36.64239239641515,False
2024-02-05,-36.44659450608426,False
2024-02-06,-19.189442050342716,False
2024-02-07,-59.121842382642114,True
2024-02-08,-59.4586674227273,True
2024-02-09,-48.83000522063377,False
2024-02-10,-22.456432177236263,False
2024-02-11,-16.147523520999012,False
2024-02-12,-24.154713634773213,False
2024-02-13,-13.35124188765977,False
2024-02-14,-16.86453896951127,False
2024-02-15,-15.835608929974725,False
2024-02-16,-45.09236667654684,False
2024-02-17,-42.40418512006577,False
2024-02-18,-38.16484963001825,False
2024-02-19,-9.493496437822303,False
2024-02-20,-4.333007927587164,False
2024-02-21,-11.013552186892307,False
2024-02-22,-6.882353808907747,False
2024-02-23,-14.370692396876839,False
2024-02-24,-11.708862143325147,False
2024-02-25,-23.498966946155605,False
2024-02-26,-24.67287225935659,False
2024-02-27,-17.39113561836624,False
2024-02-28,-12.580077596920413,False
2024-02-29,-5.77897631282289,False
2024-03-01,-15.270279520726964,False
2024-03-02,-14.808438830601046,False
2024-03-03,-25.86263232924291,False
2024-03-04,-18.603402038536803,False
2024-03-05,-15.007496686763384,False
2024-03-06,-11.68097008383512,False
2024-03-07,-23.55235304084353,False
2024-03-08,-26.304110014046753,False
2024-03-09,-22.8741086323885,False
2024-03-10,-10.840074186033172,False
2024-03-11,-6.692738005930534,False
2024-03-12,-12.723906931460768,False
2024-03-13,-11.620221529505761,False
2024-03-14,-11.793320246882478,False
2024-03-15,-14.62345586431235,False
2024-03-16,-16.06571298243824,False
2024-03-17,-22.852462356380823,False
2024-03-18,-16.06420271276134,False
2024-03-19,-15.952104082283903,False
2024-03-20,-15.884299014707425,False
2024-03-21,-18.26104063894729,False
2024-03-22,-19.515136903148537,False
2024-03-23,-21.91520640214554,False
2024-03-24,-49.32026712223546,False
2024-03-25,-46.73938366036153,False
2024-03-26,-46.98557604554495,False
2024-03-27,-14.21243300517174,False
2024-03-28,-15.079560965581948,False
2024-03-29,-17.38761174010971,False
2024-03-30,-22.763120353089178,False
2024-03-31,-19.837047912315494,False
2024-04-01,-36.09500105589024,False
2024-04-02,-35.24235949578517,False
2024-04-03,-38.17055353496708,False
2024-04-04,-11.875811439099559,False
2024-04-05,-11.02434993403999,False
2024-04-06,-15.262634285814144,False
2024-04-07,-12.706716876150494,False
2024-04-08,-4.744962676782195,False
2024-04-09,1.5605103051115528,False
2024-04-10,-3.7876965714223814,False
2024-04-11,-13.976358113176403,False
2024-04-12,-21.213567942529846,False
2024-04-13,-19.464784091726912,False
2024-04-14,-14.558128321608473,False
2024-04-15,-5.629956323596493,False
2024-04-16,-5.1182123745149655,False
2024-04-17,-12.804126465108974,False
2024-04-18,-14.202730366003015,False
2024-04-19,-20.796773245405223,False
2024-04-20,-16.320337126175357,False
2024-04-21,-19.527326772060253,False
2024-04-22,-7.552414303666747,False
2024-04-23,6.423145008164103,False
2024-04-24,7.8492364197020565,False
2024-04-25,-0.8662200143153521,False
2024-04-26,-11.167871644414594,False
2024-04-27,-10.044142177463982,False
2024-04-28,-10.594026204811197,False
2024-04-29,-5.551203375084108,False
2024-04-30,-8.181542041813843,False
2024-05-01,-4.9078991832195005,False
2024-05-02,-9.425047598650943,False
2024-05-03,-8.658984192958728,False
2024-05-04,-7.294194547445858,False
2024-05-05,-12.426904301851394,False
2024-05-06,-16.34645776009334,False
2024-05-07,-24.102836693858567,False
2024-05-08,-19.875819025189973,False
2024-05-09,-14.52686599535739,False
2024-05-10,-8.295157598863069,False
2024-05-11,-28.663388948250883,False
2024-05-12,-31.801519037615524,False
2024-05-13,-30.95764387985302,False
2024-05-14,-16.714220957503365,False
2024-05-15,-18.24023569208478,False
2024-05-16,-18.133051284191723,False
2024-05-17,-10.36983933666189,False
2024-05-18,-9.997308317421014,False
2024-05-19,-13.06585635511639,False
2024-05-20,-22.533759784812204,False
2024-05-21,-22.786008797381914,False
2024-05-22,-18.938079135870503,False
2024-05-23,-10.565764084720998,False
2024-05-24,-7.134984395969723,False
2024-05-25,-29.694685893114656,False
2024-05-26,-31.967253323028217,False
2024-05-27,-36.61120076644684,False
2024-05-28,-14.817718242570914,False
2024-05-29,-13.16207909952606,False
2024-05-30,-8.552719149661076,False
2024-05-31,-13.452172201141536,False
2024-06-01,-23.74943565818408,False
2024-06-02,-40.450630440686304,False
2024-06-03,-40.26184089404959,False
2024-06-04,-35.0995722707371,False
2024-06-05,-17.5925372325501,False
2024-06-06,-17.245237968193,False
2024-06-07,-9.554389375834031,False
2024-06-08,-9.860281225183215,False
2024-06-09,-5.557953372704785,False
2024-06-10,-15.26152175369341,False
2024-06-11,-12.8817696104546,False
2024-06-12,-14.571044778321086,False
2024-06-13,-10.58433049050376,False
2024-06-14,-14.858552562680357,False
2024-06-15,-23.00849561920906,False
2024-06-16,-19.896775816301567,False
2024-06-17,-24.587815718398858,False
2024-06-18,-22.893555930179716,False
2024-06-19,-30.617603920973963,False
2024-06-20,-22.04936438828597,False
2024-06-21,-19.155736819682993,False
2024-06-22,-46.18765777690589,False
2024-06-23,-52.78161712907478,True
2024-06-24,-74.97054898078052,True
2024-06-25,-46.31528903848071,False
2024-06-26,-39.22883670624376,False
2024-06-27,-15.146443991513529,False
2024-06-28,-12.873495417681296,False
2024-06-29,-17.1766689942979,False
2024-06-30,-14.54594533788105,False
2024-07-01,-7.883200888308804,False
2024-07-02,-2.729276872148249,False
2024-07-03,-6.175482399974772,False
2024-07-04,-15.949268407912768,False
2024-07-05,-23.397125971977577,False
2024-07-06,-20.91692936248969,False
2024-07-07,-19.46777432300398,False
2024-07-08,-21.64251733809105,False
2024-07-09,-21.30848783822305,False
2024-07-10,-17.64806153966241,False
2024-07-11,-13.688269898435896,False
2024-07-12,-18.097402763435714,False
2024-07-13,-18.82439621397698,False
2024-07-14,-22.652516772696544,False
2024-07-15,-16.057741789397117,False
2024-07-16,-10.995141593679037,False
2024-07-17,-14.682960465558196,False
2024-07-18,-21.961797550826983,False
2024-07-19,-32.08891191008231,False
2024-07-20,-27.304256198757525,False
2024-07-21,-23.91996463714933,False
2024-07-22,-23.732428495583136,False
2024-07-23,-24.81977201045679,False
2024-07-24,-39.1587613932597,False
2024-07-25,-32.5311111968698,False
2024-07-26,-28.566294596223543,False
2024-07-27,-16.78050354760821,False
2024-07-28,-16.902289376646397,False
2024-07-29,-19.36638706314046,False
2024-07-30,-17.566057291095657,False
2024-07-31,-11.579532418459102,False
2024-08-01,-4.030967872948648,False
2024-08-02,-8.142672379354826,False
2024-08-03,-11.517551069032278,False
2024-08-04,-13.6338090582273,False
2024-08-05,-13.028537265527383,False
2024-08-06,-13.072356362024637,False
2024-08-07,-10.166214906340796,False
2024-08-08,-10.063340976307979,False
2024-08-09,-17.008462835384474,False
2024-08-10,-19.089544641660677,False
2024-08-11,-13.513384173380429,False
2024-08-12,-7.6374677883652815,False
2024-08-13,-10.345756790137305,False
2024-08-14,-9.86895434972732,False
2024-08-15,-17.380747963929746,False
2024-08-16,-14.553834003045935,False
2024-08-17,-11.438257717047419,False
2024-08-18,-7.049932180075199,False
2024-08-19,-11.413110805816443,False
2024-08-20,-22.215900785750424,False
2024-08-21,-19.241318785406975,False
2024-08-22,-16.779181219294948,False
2024-08-23,-10.903515277069303,False
2024-08-24,-8.46312086165863,False
2024-08-25,-12.08765955243497,False
2024-08-26,-9.580471780863324,False
2024-08-27,-18.156542575113797,False
2024-08-28,-16.914442254690986,False
2024-08-29,-19.87028298987673,False
2024-08-30,-14.890393946944505,False
2024-08-31,-16.274293058780987,False
2024-09-01,-16.10276640985631,False
2024-09-02,-13.699809412254055,False
2024-09-03,-13.968758645873487,False
2024-09-04,-19.869176666141534,False
2024-09-05,-16.175029735085875,False
2024-09-06,-8.902156471371063,False
2024-09-07,-7.64489884883882,False
2024-09-08,-11.884403244679724,False
2024-09-09,-19.422118641647042,False
2024-09-10,-13.19911899990033,False
2024-09-11,-14.78105370482713,False
2024-09-12,-13.706785823887047,False
2024-09-13,-17.895797347556872,False
2024-09-14,-21.834858072875885,False
2024-09-15,-24.561994533535568,False
2024-09-16,-24.75422070411176,False
2024-09-17,-22.260769655044143,False
2024-09-18,-21.45904194956218,False
2024-09-19,-15.403544853789919,False
2024-09-20,-9.18584707224879,False
2024-09-21,-8.643020081285954,False
2024-09-22,-10.413610341994925,False
2024-09-23,-14.3638545221269,False
2024-09-24,-10.15563247296963,False
2024-09-25,-10.80942940344679,False
2024-09-26,-9.837440171219635,False
2024-09-27,-9.796453444174103,False
2024-09-28,-15.050924205147645,False
2024-09-29,-14.54502962102944,False
2024-09-30,-12.924862082685102,False
2024-10-01,-11.027356810090234,False
2024-10-02,-32.89979145037986,False
2024-10-03,-33.71563882820255,False
2024-10-04,-31.499749689805668,False
2024-10-05,-8.812027116009089,False
2024-10-06,-2.0898531087759245,False
2024-10-07,-4.396541960998406,False
2024-10-08,-14.212632564677554,False
2024-10-09,-22.452848160735495,False
2024-10-10,-16.422654009690987,False
2024-10-11,-11.821941092454965,False
2024-10-12,-7.22417282159033,False
2024-10-13,-15.464846040987899,False
2024-10-14,-11.76970605348238,False
2024-10-15,-20.00619198980209,False
2024-10-16,-7.7742571660799085,False
2024-10-17,-2.575870245533879,False
2024-10-18,-3.219053313631697,False
2024-10-19,-12.294793482095207,False
2024-10-20,-16.826503346848472,False
2024-10-21,-15.308399594873137,False
2024-10-22,-13.291815922967771,False
2024-10-23,-16.628613788717335,False
2024-10-24,-22.758783814349908,False
2024-10-25,-22.632489926997902,False
2024-10-26,-25.49295470542424,False
2024-10-27,-19.7867533702327,False
2024-10-28,-13.956874371980492,False
2024-10-29,-16.223990852840824,False
2024-10-30,-10.998678816249827,False
2024-10-31,-17.88905855145232,False
2024-11-01,-13.982071648318628,False
2024-11-02,-14.073404811103694,False
2024-11-03,-11.597347911500897,False
2024-11-04,-8.195855248639438,False
2024-11-05,-7.484604190714838,False
2024-11-06,-10.17004290172369,False
2024-11-07,-14.901441828632814,False
2024-11-08,-23.114782576995452,False
2024-11-09,-25.091191164177985,False
2024-11-10,-10.845866524912083,False
2024-11-11,-1.5265460957337418,False
2024-11-12,-3.6292014406500073,False
2024-11-13,-20.71541096885919,False
2024-11-14,-23.76666504493237,False
2024-11-15,-16.173308390588417,False
2024-11-16,-8.687941222344678,False
2024-11-17,-11.635228643433436,False
2024-11-18,-14.326104872956904,False
2024-11-19,-15.210122117588933,False
2024-11-20,-13.846726918200817,False
2024-11-21,-22.22211136917936,False
2024-11-22,-24.452827988117562,False
2024-11-23,-28.20202575033214,False
2024-11-24,-18.62397858370795,False
2024-11-25,-5.763744050993535,False
2024-11-26,-0.8881916520550632,False
2024-11-27,-2.843156072378703,False
2024-11-28,-11.096986074883334,False
2024-11-29,-10.636161187943701,False
2024-11-30,-7.701664481446744,False
2024-12-01,-8.96146811649307,False
2024-12-02,-2.6660454060117544,False
2024-12-03,-8.86997710912278,False
2024-12-04,-9.402851174739647,False
2024-12-05,-21.334549953983966,False
2024-12-06,-14.588945627311311,False
2024-12-07,-20.158219980501507,False
2024-12-08,-18.122162714995692,False
2024-12-09,-21.52457295731631,False
2024-12-10,-13.946560033993096,False
2024-12-11,-8.603275003803104,False
2024-12-12,-33.33733060443357,False
2024-12-13,-37.020861037813006,False
2024-12-14,-43.53299823257935,False
2024-12-15,-22.6526026176986,False
2024-12-16,-23.74040726339548,False
2024-12-17,-22.136018998222067,False
2024-12-18,-7.395133410138638,False
2024-12-19,-4.795225906998372,False
2024-12-20,-9.071764756192042,False
2024-12-21,-21.0377267182579,False
2024-12-22,-18.684032837983093,False
2024-12-23,-4.819791743486442,False
2024-12-24,-8.904628975754505,False
2024-12-25,-20.50985969802828,False
2024-12-26,-21.379770088020848,False
2024-12-27,-13.477380129585404,False
2024-12-28,-9.430853516534688,False
2024-12-29,-14.776197873532077,False
2024-12-30,-26.877645539083204,False
2024-12-31,-27.606711917366606,False
